message_id,group,date,text,url
russicaRU_63657,russicaRU,2025-07-05 16:10:17+00:00,"–ê–ª–µ–∫—Å–∞–Ω–¥—Ä –õ—É–∫–∞—à–µ–Ω–∫–æ, –≥–ª–∞–≤–∞ —Å–æ—é–∑–Ω–æ–π –ë–µ–ª–∞—Ä—É—Å–∏, –ø—É–±–ª–∏—á–Ω–æ –æ–±–æ–∑–Ω–∞—á–∏–ª –æ—Ç–Ω–æ—à–µ–Ω–∏–µ –∫ –∫–æ–Ω—Ñ–ª–∏–∫—Ç—É —Å –£–∫—Ä–∞–∏–Ω–æ–π –∏ –≤ —Ü–µ–ª–æ–º –∫ —É–∫—Ä–∞–∏–Ω—Ü–∞–º. [""–≠—Ç–æ –Ω–∞—à–∏ –ª—é–¥–∏, –º—ã —Å –Ω–∏–º–∏ –≤–æ–µ–≤–∞—Ç—å –Ω–µ –±—É–¥–µ–º"".](https://t.me/pul_1/17419)

–ö–∞–∫ —Ä–∞—Å—Å–∫–∞–∑–∞–ª –∏—Å—Ç–æ—á–Ω–∏–∫ –≤ –ú–∏–Ω—Å–∫–µ, –ø–æ —Ç—Ä–µ–±–æ–≤–∞–Ω–∏—é –õ—É–∫–∞—à–µ–Ω–∫–æ —É—á–µ–Ω–∏—è ¬´–ó–∞–ø–∞–¥-2025¬ª (–æ–Ω–∏ –ø–ª–∞–Ω–∏—Ä–æ–≤–∞–ª–∏—Å—å –∫–∞–∫ —É—á–µ–Ω–∏—è –≤–¥–æ–ª—å –≥—Ä–∞–Ω–∏—Ü —Å—Ç—Ä–∞–Ω –ë–∞–ª—Ç–∏–∏ –∏ –ü–æ–ª—å—à–∏ —Å –æ—Ç—Ä–∞–±–æ—Ç–∫–æ–π –æ–±–µ—Å–ø–µ—á–µ–Ω–∏—è –∫–æ—Ä–∏–¥–æ—Ä–∞ –≤ –ö–∞–ª–∏–Ω–∏–Ω–≥—Ä–∞–¥) –ø–µ—Ä–µ–Ω–µ—Å–µ–Ω—ã –æ—Ç –∑–∞–ø–∞–¥–Ω—ã—Ö –≥—Ä–∞–Ω–∏—Ü –ë–µ–ª–∞—Ä—É—Å–∏, —á—Ç–æ–±—ã –Ω–µ ¬´—Å–æ–∑–¥–∞–≤–∞—Ç—å —É–≥—Ä–æ–∑ —Å—Ç—Ä–∞–Ω–∞–º –ù–ê–¢–û¬ª. –ë–µ–ª–æ—Ä—É—Å—Å–∫–∞—è —Å—Ç–æ—Ä–æ–Ω–∞ —Ç–∞–∫–∂–µ —Å–æ–∫—Ä–∞—Ç–∏–ª–∞ —á–∏—Å–ª–µ–Ω–Ω—ã–π —Å–æ—Å—Ç–∞–≤ —Å–≤–æ–µ–≥–æ —É—á–∞—Å—Ç–∏—è –≤  –º–∞–Ω–µ–≤—Ä–∞—Ö –Ω–∞ —Ç–µ—Ä—Ä–∏—Ç–æ—Ä–∏–∏ –ë–µ–ª–∞—Ä—É—Å–∏ –≤–¥–≤–æ–µ - –¥–æ 8 —Ç—ã—Å—è—á —á–µ–ª–æ–≤–µ–∫. 

–í 2021 –≥–æ–¥—É –≤ —Å–æ–≤–º–µ—Å—Ç–Ω—ã—Ö –º–∞–Ω–µ–≤—Ä–∞—Ö –Ω–∞ —Ç–µ—Ä—Ä–∏—Ç–æ—Ä–∏–∏ –†–æ—Å—Å–∏–∏ –∏ –ë–µ–ª–∞—Ä—É—Å–∏ –ø—Ä–∏–Ω–∏–º–∞–ª–æ —É—á–∞—Å—Ç–∏–µ –¥–æ 200 —Ç—ã—Å—è—á –≤–æ–µ–Ω–Ω–æ—Å–ª—É–∂–∞—â–∏—Ö. –í —ç—Ç–æ–º –≥–æ–¥—É –ø—Ä–æ–≥–Ω–æ–∑–∏—Ä—É–µ—Ç—Å—è —É—á–∞—Å—Ç–∏–µ –æ–∫–æ–ª–æ 100 —Ç—ã—Å—è—á –≤–æ–µ–Ω–Ω–æ—Å–ª—É–∂–∞—â–∏—Ö, –≤ —Ç–æ–º —á–∏—Å–ª–µ –∑–∞ —Å—á–µ—Ç –≤–æ–µ–Ω–Ω–æ—Å–ª—É–∂–∞—â–∏—Ö –õ–µ–Ω–í–û, –ú–æ—Å–∫–æ–≤—Å–∫–æ–≥–æ –≤–æ–µ–Ω–Ω–æ–≥–æ –æ–∫—Ä—É–≥–∞ –∏ –ë–∞–ª—Ç–∏–π—Å–∫–æ–≥–æ —Ñ–ª–æ—Ç–∞.  

–û–¥–Ω–∞–∫–æ –∏ —ç—Ç–∞ —Ü–∏—Ñ—Ä–∞ –º–æ–∂–µ—Ç –±—ã—Ç—å —É–º–µ–Ω—å—à–µ–Ω–∞.",https://t.me/russicaRU/63657
eestipost_5933,eestipost,2025-04-17 13:01:58+00:00,"üá∑üá∫‚öîÔ∏è **–í–æ–µ–Ω–Ω—ã–π —ç–∫—Å–ø–µ—Ä—Ç: –†–æ—Å—Å–∏–∏ –Ω–µ –Ω—É–∂–Ω–æ –ø–µ—Ä–µ–º–∏—Ä–∏–µ –≤ –£–∫—Ä–∞–∏–Ω–µ, —á—Ç–æ–±—ã –ø–µ—Ä–µ–∫–ª—é—á–∏—Ç—å—Å—è –Ω–∞ —Å—Ç—Ä–∞–Ω—ã –ë–∞–ª—Ç–∏–∏**
__–ú–Ω–µ–Ω–∏–µ –∂—É—Ä–Ω–∞–ª–∏—Å—Ç–∞ –ê–ª–µ–∫—Å–∞–Ω–¥—Ä–∞ –ì–æ—Ä–æ–±—Ü–∞__

üîª –£—á–µ–Ω–∏—è ¬´–ó–∞–ø–∞–¥-2025¬ª, –∑–∞–ø–ª–∞–Ω–∏—Ä–æ–≤–∞–Ω–Ω—ã–µ –Ω–∞ –æ—Å–µ–Ω—å, –≤—ã–∑—ã–≤–∞—é—Ç —Ç—Ä–µ–≤–æ–≥—É: –≤ –Ω–∏—Ö –ø—Ä–∏–º—É—Ç —É—á–∞—Å—Ç–∏–µ –æ–∫–æ–ª–æ 13‚ÄØ000 –≤–æ–µ–Ω–Ω–æ—Å–ª—É–∂–∞—â–∏—Ö –∏–∑ –†–æ—Å—Å–∏–∏ –∏ –ë–µ–ª–∞—Ä—É—Å–∏. –û–ø–∞—Å–µ–Ω–∏—è —É—Å–∏–ª–∏–≤–∞—é—Ç—Å—è –∏—Å—Ç–æ—Ä–∏—á–µ—Å–∫–∏–º –ø—Ä–µ—Ü–µ–¥–µ–Ω—Ç–æ–º ‚Äî —Ç–∞–∫–∏–µ –∂–µ —É—á–µ–Ω–∏—è –≤ 2021 –≥–æ–¥—É —Å—Ç–∞–ª–∏ –æ–¥–Ω–∏–º –∏–∑ —ç—Ç–∞–ø–æ–≤ –ø–æ–¥–≥–æ—Ç–æ–≤–∫–∏ –∫ –≤—Ç–æ—Ä–∂–µ–Ω–∏—é –≤ –£–∫—Ä–∞–∏–Ω—É.

üìâ –ï–≤—Ä–æ–ø–∞ —Å—Ç–∞–ª–∫–∏–≤–∞–µ—Ç—Å—è —Å—Ä–∞–∑—É —Å –Ω–µ—Å–∫–æ–ª—å–∫–∏–º–∏ –≤—ã–∑–æ–≤–∞–º–∏:
‚Äì —Ç–æ—Ä–≥–æ–≤–æ–µ –¥–∞–≤–ª–µ–Ω–∏–µ —Å–æ —Å—Ç–æ—Ä–æ–Ω—ã –°–®–ê –∏ –≤–æ–∑–º–æ–∂–Ω–æ–µ –æ–±–æ—Å—Ç—Ä–µ–Ω–∏–µ —Ç–∞—Ä–∏—Ñ–Ω–æ–π –≤–æ–π–Ω—ã;
‚Äì –Ω–µ–æ–ø—Ä–µ–¥–µ–ª—ë–Ω–Ω–æ—Å—Ç—å –≤ —Ä–∞–º–∫–∞—Ö –ù–ê–¢–û;
‚Äì —Ä–æ—Å—Ç –≤–æ–µ–Ω–Ω—ã—Ö —Ä–∏—Å–∫–æ–≤ —Å–æ —Å—Ç–æ—Ä–æ–Ω—ã –†–æ—Å—Å–∏–∏.

üí¨ –ü–æ –º–Ω–µ–Ω–∏—é —ç–∫—Å–ø–µ—Ä—Ç–æ–≤, **–ø–µ—Ä–µ–º–∏—Ä–∏–µ –≤ –£–∫—Ä–∞–∏–Ω–µ –º–æ–∂–µ—Ç –¥–∞–∂–µ —É—Å–∏–ª–∏—Ç—å —É–≥—Ä–æ–∑—É –¥–ª—è –ë–∞–ª—Ç–∏–∏ –∏ –í–æ—Å—Ç–æ—á–Ω–æ–π –ï–≤—Ä–æ–ø—ã**, –≤–µ–¥—å –ú–æ—Å–∫–≤–∞ –ø–æ–ª—É—á–∏—Ç –≤–æ–∑–º–æ–∂–Ω–æ—Å—Ç—å –ø–µ—Ä–µ—Ä–∞—Å–ø—Ä–µ–¥–µ–ª–∏—Ç—å —Å–∏–ª—ã ‚Äî –¥–æ **300‚ÄØ000 —Å–æ–ª–¥–∞—Ç** –º–æ–≥—É—Ç –±—ã—Ç—å –ø–µ—Ä–µ–¥–∏—Å–ª–æ—Ü–∏—Ä–æ–≤–∞–Ω—ã –∏–∑ –£–∫—Ä–∞–∏–Ω—ã.

üá™üá™üá±üáªüá±üáπ –ú–∏–Ω–∏—Å—Ç—Ä—ã –æ–±–æ—Ä–æ–Ω—ã –≠—Å—Ç–æ–Ω–∏–∏ –∏ –õ–∏—Ç–≤—ã —Ä–∞–Ω–µ–µ –≤—ã—Å—Ç—É–ø–∏–ª–∏ –ø—Ä–æ—Ç–∏–≤ –Ω–µ–º–µ–¥–ª–µ–Ω–Ω–æ–≥–æ –ø—Ä–µ–∫—Ä–∞—â–µ–Ω–∏—è –æ–≥–Ω—è, –ø–æ—Å–∫–æ–ª—å–∫—É —Å—á–∏—Ç–∞—é—Ç, —á—Ç–æ **—ç—Ç–æ –¥–∞—Å—Ç –ö—Ä–µ–º–ª—é —Å—Ç—Ä–∞—Ç–µ–≥–∏—á–µ—Å–∫–æ–µ –ø—Ä–µ–∏–º—É—â–µ—Å—Ç–≤–æ**.

‚ö†Ô∏è –î–∞–∂–µ **–æ–≥—Ä–∞–Ω–∏—á–µ–Ω–Ω–æ–µ –≤—Ç–æ—Ä–∂–µ–Ω–∏–µ** –º–æ–∂–µ—Ç –¥–µ—Å—Ç–∞–±–∏–ª–∏–∑–∏—Ä–æ–≤–∞—Ç—å —Å–∏—Ç—É–∞—Ü–∏—é –≤ –æ–¥–Ω–æ–π –∏–∑ —Å—Ç—Ä–∞–Ω –ë–∞–ª—Ç–∏–∏ –±–µ–∑ –º–∞—Å—à—Ç–∞–±–Ω–æ–π –ø–µ—Ä–µ–±—Ä–æ—Å–∫–∏ –±—Ä–æ–Ω–µ—Ç–µ—Ö–Ω–∏–∫–∏ ‚Äî –∑–∞ —Å—á—ë—Ç –≥–∏–±—Ä–∏–¥–Ω—ã—Ö –æ–ø–µ—Ä–∞—Ü–∏–π, –¥–∏–≤–µ—Ä—Å–∏–π –∏ –∏–Ω—Ñ–æ—Ä–º–∞—Ü–∏–æ–Ω–Ω—ã—Ö –∞—Ç–∞–∫. –¢–∞–∫–æ–µ —Ä–∞–∑–≤–∏—Ç–∏–µ —Å–æ–±—ã—Ç–∏–π –æ—Å–æ–±–µ–Ω–Ω–æ –≤–µ—Ä–æ—è—Ç–Ω–æ, –µ—Å–ª–∏ –≤–Ω—É—Ç—Ä–∏ –ù–ê–¢–û –Ω–µ—Ç –∫–æ–Ω—Å–µ–Ω—Å—É—Å–∞, –∞ –°–®–ê –∑–∞–π–º—É—Ç –ø–∞—Å—Å–∏–≤–Ω—É—é –ø–æ–∑–∏—Ü–∏—é.

üß® **–§–∏–Ω–ª—è–Ω–¥–∏—è —É–∂–µ —Ä–µ–∞–≥–∏—Ä—É–µ—Ç** ‚Äî –Ω–∞—Ä–∞—â–∏–≤–∞–µ—Ç —Ä–∞—Å—Ö–æ–¥—ã –Ω–∞ –æ–±–æ—Ä–æ–Ω—É –∏ –ø–ª–∞–Ω–∏—Ä—É–µ—Ç –≤—ã–π—Ç–∏ –∏–∑ –û—Ç—Ç–∞–≤—Å–∫–æ–π –∫–æ–Ω–≤–µ–Ω—Ü–∏–∏ –æ –∑–∞–ø—Ä–µ—Ç–µ –ø—Ä–æ—Ç–∏–≤–æ–ø–µ—Ö–æ—Ç–Ω—ã—Ö –º–∏–Ω. –ó–∞ –Ω–µ–π ‚Äî –õ–∞—Ç–≤–∏—è, –õ–∏—Ç–≤–∞, –≠—Å—Ç–æ–Ω–∏—è –∏ –ü–æ–ª—å—à–∞.

üõ° **–ù–ê–¢–û –ø—Ä–∏–∑–Ω–∞—ë—Ç —Ä–∏—Å–∫–∏ ¬´–Ω–µ–ø—Ä–µ–¥–Ω–∞–º–µ—Ä–µ–Ω–Ω—ã—Ö –∏–Ω—Ü–∏–¥–µ–Ω—Ç–æ–≤¬ª**, –æ—Å–æ–±–µ–Ω–Ω–æ –Ω–∞ —Ñ–æ–Ω–µ —Å–æ–≥–ª–∞—à–µ–Ω–∏—è –º–µ–∂–¥—É –†–§ –∏ –ë–µ–ª–∞—Ä—É—Å—å—é, –ø–æ–∑–≤–æ–ª—è—é—â–µ–≥–æ —Ä–∞–∑–º–µ—â–µ–Ω–∏–µ —Ä–æ—Å—Å–∏–π—Å–∫–∏—Ö –≤–æ–π—Å–∫ –≤ —Å–æ—Å–µ–¥–Ω–µ–π —Å—Ç—Ä–∞–Ω–µ –Ω–∞ –±–ª–∏–∂–∞–π—à–∏–µ 10 –ª–µ—Ç.

üìå –î–∞–∂–µ –µ—Å–ª–∏ –°–®–ê –∏ –†–æ—Å—Å–∏—è –ø—Ä–∏–¥—É—Ç –∫ –≤—Ä–µ–º–µ–Ω–Ω–æ–º—É —Å–æ–≥–ª–∞—à–µ–Ω–∏—é –ø–æ –£–∫—Ä–∞–∏–Ω–µ, —ç—Ç–æ –Ω–µ –∏—Å–∫–ª—é—á–∞–µ—Ç **–¥–∞–ª—å–Ω–µ–π—à–µ–≥–æ –∫–æ–Ω—Ñ–ª–∏–∫—Ç–∞ –≤ –ï–≤—Ä–æ–ø–µ** ‚Äî –ø—Ä–µ–¥—É–ø—Ä–µ–∂–¥–∞–µ—Ç –∞–≤—Ç–æ—Ä. –†–æ—Å—Å–∏–π—Å–∫–∞—è —ç–∫–æ–Ω–æ–º–∏–∫–∞ –∞–∫—Ç–∏–≤–Ω–æ –º–∏–ª–∏—Ç–∞—Ä–∏–∑–∏—Ä—É–µ—Ç—Å—è, –∏ –Ω–æ–≤—ã–µ —Å—Ç–æ–ª–∫–Ω–æ–≤–µ–Ω–∏—è –≤–æ–∑–º–æ–∂–Ω—ã —É–∂–µ –≤ —Ç–µ—á–µ–Ω–∏–µ –±–ª–∏–∂–∞–π—à–∏—Ö **5‚Äì10 –ª–µ—Ç**.",https://t.me/eestipost/5933
eestipost_5932,eestipost,2025-04-17 12:01:18+00:00,"üá∑üá∫‚ö†Ô∏è **–£–≥—Ä–æ–∑–∞ –æ—Ç –≥–ª–∞–≤—ã –°–ª—É–∂–±—ã –≤–Ω–µ—à–Ω–µ–π —Ä–∞–∑–≤–µ–¥–∫–∏ –†–§: —Å—Ç—Ä–∞–Ω—ã –ë–∞–ª—Ç–∏–∏ –∏ –ü–æ–ª—å—à–∞ ‚Äî ‚Äû–ø–µ—Ä–≤—ã–º–∏ –ø–æ—Å—Ç—Ä–∞–¥–∞—é—Ç‚Äú**

–í–æ –≤—Ä–µ–º—è –≤–∏–∑–∏—Ç–∞ –≤ –ú–∏–Ω—Å–∫ –¥–∏—Ä–µ–∫—Ç–æ—Ä –°–ª—É–∂–±—ã –≤–Ω–µ—à–Ω–µ–π —Ä–∞–∑–≤–µ–¥–∫–∏ –†–æ—Å—Å–∏–∏ –°–µ—Ä–≥–µ–π –ù–∞—Ä—ã—à–∫–∏–Ω –≤—ã—Å—Ç—É–ø–∏–ª —Å —Ä–µ–∑–∫–∏–º–∏ –∑–∞—è–≤–ª–µ–Ω–∏—è–º–∏ –≤ –∞–¥—Ä–µ—Å –ü–æ–ª—å—à–∏, —Å—Ç—Ä–∞–Ω –ë–∞–ª—Ç–∏–∏ –∏ –ù–ê–¢–û.

üéôÔ∏è –ü–æ—Å–ª–µ –≤—Å—Ç—Ä–µ—á–∏ —Å –ê–ª–µ–∫—Å–∞–Ω–¥—Ä–æ–º –õ—É–∫–∞—à–µ–Ω–∫–æ –æ–Ω –æ–±–≤–∏–Ω–∏–ª –∑–∞–ø–∞–¥–Ω—ã—Ö —Å–æ—Å–µ–¥–µ–π –≤ ¬´–±—Ä—è—Ü–∞–Ω–∏–∏ –æ—Ä—É–∂–∏–µ–º¬ª –∏ –∑–∞—è–≤–∏–ª:

__¬´–ü–æ–ª—å—à–∞ —Ö–æ—á–µ—Ç —Ä–∞–∑–º–µ—Å—Ç–∏—Ç—å –≤–¥–æ–ª—å –≥—Ä–∞–Ω–∏—Ü —Å –ë–µ–ª–∞—Ä—É—Å—å—é –∏ –ö–∞–ª–∏–Ω–∏–Ω–≥—Ä–∞–¥–æ–º –¥–≤–∞ –º–∏–ª–ª–∏–æ–Ω–∞ –ø—Ä–æ—Ç–∏–≤–æ—Ç–∞–Ω–∫–æ–≤—ã—Ö –º–∏–Ω –∏ —Ä–∞—Å—Å—á–∏—Ç—ã–≤–∞–µ—Ç –ø–æ–ª—É—á–∏—Ç—å –æ—Ç –°–®–ê —è–¥–µ—Ä–Ω–æ–µ –æ—Ä—É–∂–∏–µ¬ª.__

üß® –ù–∞—Ä—ã—à–∫–∏–Ω —Ç–∞–∫–∂–µ –Ω–∞–º–µ–∫–Ω—É–ª –Ω–∞ **–≤–æ–∑–º–æ–∂–Ω–æ—Å—Ç—å —É–¥–∞—Ä–∞** –ø–æ —Å—Ç—Ä–∞–Ω–∞–º –ë–∞–ª—Ç–∏–∏ –∏ –ü–æ–ª—å—à–µ –≤ —Å–ª—É—á–∞–µ –∫–æ–Ω—Ñ–ª–∏–∫—Ç–∞:

__¬´–ï—Å–ª–∏ –ù–ê–¢–û –Ω–∞–ø–∞–¥—ë—Ç –Ω–∞ –°–æ—é–∑–Ω–æ–µ –≥–æ—Å—É–¥–∞—Ä—Å—Ç–≤–æ, –ø–µ—Ä–≤—ã–º–∏ –ø–æ—Å—Ç—Ä–∞–¥–∞—é—Ç –∏–º–µ–Ω–Ω–æ –ü–æ–ª—å—à–∞ –∏ –ø—Ä–∏–±–∞–ª—Ç–∏–π—Å–∫–∏–µ —Å—Ç—Ä–∞–Ω—ã¬ª.__

üõ°Ô∏è –≠—Ç–∏ –≤—ã—Å–∫–∞–∑—ã–≤–∞–Ω–∏—è –ø—Ä–æ–∑–≤—É—á–∞–ª–∏ –Ω–∞ —Ñ–æ–Ω–µ –ø—Ä–æ–¥–æ–ª–∂–∞—é—â–µ–≥–æ—Å—è –Ω–∞–ø—Ä—è–∂–µ–Ω–∏—è –≤ –í–æ—Å—Ç–æ—á–Ω–æ–π –ï–≤—Ä–æ–ø–µ –∏ –ø–æ–¥–≥–æ—Ç–æ–≤–∫–∏ –∫ —É—á–µ–Ω–∏—è–º **‚Äû–ó–∞–ø–∞–¥-2025‚Äú**, –∫–æ—Ç–æ—Ä—ã–µ –ù–ê–¢–û —Ä–∞—Å—Ü–µ–Ω–∏–≤–∞–µ—Ç –∫–∞–∫ –ø–æ—Ç–µ–Ω—Ü–∏–∞–ª—å–Ω—É—é —É–≥—Ä–æ–∑—É –±–µ–∑–æ–ø–∞—Å–Ω–æ—Å—Ç–∏.",https://t.me/eestipost/5932
antifalivland_14491,antifalivland,2025-06-19 06:01:01+00:00,"–°–æ–≤–º–µ—Å—Ç–Ω—ã–µ –º–∞–Ω—ë–≤—Ä—ã –†–æ—Å—Å–∏–∏ –∏ –ë–µ–ª–æ—Ä—É—Å—Å–∏–∏ ""–ó–∞–ø–∞–¥-2025"", –∑–∞–ø–ª–∞–Ω–∏—Ä–æ–≤–∞–Ω–Ω—ã–µ –Ω–∞ –æ—Å–µ–Ω—å, —Å–∫–æ—Ä–µ–µ —è–≤–ª—è—é—Ç—Å—è —ç–ª–µ–º–µ–Ω—Ç–æ–º –∏–Ω—Ñ–æ—Ä–º–∞—Ü–∏–æ–Ω–Ω–æ–≥–æ –¥–∞–≤–ª–µ–Ω–∏—è, - —Å—á–∏—Ç–∞–µ—Ç –∫–æ–º–∞–Ω–¥—É—é—â–∏–π –ù–∞—Ü–∏–æ–Ω–∞–ª—å–Ω—ã–º–∏ –≤–æ–æ—Ä—É–∂—ë–Ω–Ω—ã–º–∏ —Å–∏–ª–∞–º–∏ –õ–∞—Ç–≤–∏–∏ –ö–∞—Å–ø–∞—Ä—Å –ü—É–¥–∞–Ω—Å.

–ö–∞–∫–∞—è –ø—Ä–µ–ª–µ—Å—Ç—å! –ö–∞–∫–∞—è –Ω–µ–ø–æ—Å—Ä–µ–¥—Å—Ç–≤–µ–Ω–Ω–æ—Å—Ç—å! –ó–Ω–∞—á–∏—Ç, —É—á–µ–Ω–∏—è ""–ë–∞–ª—Ç—Ç–æ–ø"", –≤ —Ö–æ–¥–µ –∫–æ—Ç–æ—Ä—ã—Ö –æ—Ç—Ä–∞–±–∞—Ç—ã–≤–∞–ª—Å—è –æ–±–µ–∑–æ—Ä—É–∂–∏–≤–∞—é—à–∏–π —É–¥–∞—Ä –ø–æ –ö–∞–ª–∏–Ω–∏–Ω–≥—Ä–∞–¥—É –∏ –°–∞–Ω–∫-–ü–µ—Ç–µ—Ä–±—É—Ä–≥—É - —ç—Ç–æ –ø–∞–ª—å–º–æ–≤–∞—è –≤–µ—Ç–≤—å –º–∏—Ä–∞, –∞ –æ—Ç–≤–µ—Ç–Ω—ã–µ —É—á–µ–Ω–∏—è - —É–≥—Ä–æ–∑–∞...

""–≠—Ç–æ–¥—Ä—É–≥–∏–Ω —Ñ–æ—Ä—Ç–µ"" –≤ –¥–µ–π—Å—Ç–≤–∏–∏!",https://t.me/antifalivland/14491
modmilby_49084,modmilby,2025-07-23 14:02:38+00:00,"üáßüáæ**Chief of the General Staff of the Armed Forces, Major General Pavel Muraveiko**:
__
____üü¢____¬´Today we have actually entered the final phase of preparations for the main event of the current year ‚Äì the joint strategic exercise of the armed forces of the Republic of Belarus and the Russian Federation, ""Zapad-2025"". The final reconnaissance has been completed, during which we agreed on the deployment areas for troops, command posts, as well as identified the areas and training grounds  where the main phases of the exercise will take place.

Given the complex military and political situation, and the constant accusations against the Republic of Belarus of having aggressive intentions, we made the decision to move the exercise zones away from our borders. This was done to eliminate any kind of speculation and to avoid provoking anyone with the actions of our troops. However, I would like to emphasize that this step should not be interpreted as weakness, appeasement, or a response to someone‚Äôs claims. It is simply one of the steps taken to stabilise the situation and reassure the international community. 

However, today our Western colleagues have begun to speculate on this process.

Poland has already announced that it is ready to conduct division-scale exercises near our borders in the Grodno region, in Belovezhskaya Pushcha.  Lithuania is moving its ""Iron Wolf"" brigade to the Pabrade training ground and is planning activities just 15 kilometers from our border.  Under these circumstances, we reserve the right to relocate some of our units during the exercises to work out exclusively defensive scenarios, including in the areas I have indicated.

The second feature of the exercises is that we have deliberately removed offensive scenarios and concepts from the scenario and plan. 

The exercise consists exclusively of defensive episodes, aimed at protecting and ensuring the security of the Union State.

The third feature is that we have reduced the number of troops involved in the exercise. We previously stated that it would be large in scale. Currently, we have reduced the number of troops participating in the exercise by half.

The fourth distinctive element is our intention to use the latest developments in modern military art during the exercise - including the active use of unmanned aerial vehicles, electronic warfare means, various robotic and automated systems,  modern air defence techniques, combating drones, and many other various features that we plan to practise with our armed forces.

Additionally, as a gesture of goodwill and transparency, we plan to invite observers from various countries to attend the exercise in order to demonstrate and confirm our commitment to confidence and security building measures.

We are considering inviting member states of the Collective Security Treaty Organisation, the Commonwealth of Independent States, the Shanghai Cooperation Organisation, and countries of the far arc. In addition, we plan to invite accredited military attach√©s, as well as OSCE participating States within the framework of the Vienna Document, to which we remain committed and on which we continue to work¬ª.__",https://t.me/modmilby/49084
modmilby_49083,modmilby,2025-07-23 14:02:05+00:00,"**__‚ö°Ô∏è__****__¬´–ú—ã –≥–æ—Ç–æ–≤—ã –∫ –ø—Ä–∏–µ–º—É –≤–æ–π—Å–∫ –∏ –∫ –Ω–∞—á–∞–ª—É —É—á–µ–Ω–∏–π –≤ —É—Å—Ç–∞–Ω–æ–≤–ª–µ–Ω–Ω—ã–µ —Å—Ä–æ–∫–∏¬ª__, ‚Äî –≥–µ–Ω–µ—Ä–∞–ª-–º–∞–π–æ—Ä –ü–∞–≤–µ–ª –ú—É—Ä–∞–≤–µ–π–∫–æ.**

üáßüáæ–ù–∞—á–∞–ª—å–Ω–∏–∫ –ì–µ–Ω–µ—Ä–∞–ª—å–Ω–æ–≥–æ —à—Ç–∞–±–∞ –í–æ–æ—Ä—É–∂–µ–Ω–Ω—ã—Ö –°–∏–ª ‚Äî –ø–µ—Ä–≤—ã–π –∑–∞–º–µ—Å—Ç–∏—Ç–µ–ª—å –ú–∏–Ω–∏—Å—Ç—Ä–∞ –æ–±–æ—Ä–æ–Ω—ã –†–µ—Å–ø—É–±–ª–∏–∫–∏ –ë–µ–ª–∞—Ä—É—Å—å –≥–µ–Ω–µ—Ä–∞–ª-–º–∞–π–æ—Ä –ü–∞–≤–µ–ª –ú—É—Ä–∞–≤–µ–π–∫–æ —Ä–∞—Å—Å–∫–∞–∑–∞–ª –∂—É—Ä–Ω–∞–ª–∏—Å—Ç–∞–º –æ –ø–æ–¥–≥–æ—Ç–æ–≤–∫–µ –∏ –æ—Å–æ–±–µ–Ω–Ω–æ—Å—Ç—è—Ö –ø—Ä–µ–¥—Å—Ç–æ—è—â–µ–≥–æ —É—á–µ–Ω–∏—è ¬´–ó–∞–ø–∞–¥-2025¬ª:

üî¥ **–û —Ö–æ–¥–µ –ø–æ–¥–≥–æ—Ç–æ–≤–∫–∏:**

__üü¢____¬´–ú—ã —Ñ–∞–∫—Ç–∏—á–µ—Å–∫–∏ –≤—Å—Ç—É–ø–∏–ª–∏ –≤ –∑–∞–≤–µ—Ä—à–∞—é—â—É—é —Ñ–∞–∑—É –ø–æ–¥–≥–æ—Ç–æ–≤–∫–∏ –∫ –æ—Å–Ω–æ–≤–Ω–æ–º—É –º–µ—Ä–æ–ø—Ä–∏—è—Ç–∏—é —Ç–µ–∫—É—â–µ–≥–æ –≥–æ–¥–∞ ‚Äî —Å–æ–≤–º–µ—Å—Ç–Ω–æ–º—É —Å—Ç—Ä–∞—Ç–µ–≥–∏—á–µ—Å–∫–æ–º—É —É—á–µ–Ω–∏—é –≤–æ–æ—Ä—É–∂–µ–Ω–Ω—ã—Ö —Å–∏–ª –ë–µ–ª–∞—Ä—É—Å–∏ –∏ –†–æ—Å—Å–∏–∏ ¬´–ó–∞–ø–∞–¥-2025¬ª.

–ó–∞–≤–µ—Ä—à–µ–Ω–∞ –∑–∞–∫–ª—é—á–∏—Ç–µ–ª—å–Ω–∞—è —Ä–µ–∫–æ–≥–Ω–æ—Å—Ü–∏—Ä–æ–≤–∫–∞, –≤ —Ö–æ–¥–µ –∫–æ—Ç–æ—Ä–æ–π –º—ã —Å–æ–≥–ª–∞—Å–æ–≤–∞–ª–∏ —Ä–∞–π–æ–Ω—ã —Ä–∞–∑–º–µ—â–µ–Ω–∏—è –≤–æ–π—Å–∫, —Ä–∞–∑–≤–µ—Ä—Ç—ã–≤–∞–Ω–∏–µ –ø—É–Ω–∫—Ç–æ–≤ —É–ø—Ä–∞–≤–ª–µ–Ω–∏—è, –∞ —Ç–∞–∫–∂–µ –æ–ø—Ä–µ–¥–µ–ª–∏–ª–∏ —É—á–∞—Å—Ç–∫–∏ –º–µ—Å—Ç–Ω–æ—Å—Ç–∏ –∏ –ø–æ–ª–∏–≥–æ–Ω—ã, –≥–¥–µ –±—É–¥–µ—Ç –ø—Ä–æ–∏—Å—Ö–æ–¥–∏—Ç—å –æ—Å–Ω–æ–≤–Ω–æ–π —Ä–æ–∑—ã–≥—Ä—ã—à —ç–ø–∏–∑–æ–¥–æ–≤ —É—á–µ–Ω–∏—è. 

–ù–∞ —Å–µ–≥–æ–¥–Ω—è –≤—Å–µ —ç—Ç–∏ –æ–±—ä–µ–∫—Ç—ã, –ø–æ–¥–≥–æ—Ç–æ–≤–ª–µ–Ω–Ω—ã–µ –≤ –∏–Ω–∂–µ–Ω–µ—Ä–Ω–æ–º –æ—Ç–Ω–æ—à–µ–Ω–∏–∏, —Å–æ–æ—Ç–≤–µ—Ç—Å—Ç–≤—É—é—Ç —Ç–µ–º —Ç—Ä–µ–±–æ–≤–∞–Ω–∏—è–º, –∫–æ—Ç–æ—Ä—ã–µ –º—ã –ø—Ä–µ–¥—ä—è–≤–ª—è–µ–º –∏ –∑–∞–∫–ª–∞–¥—ã–≤–∞–µ–º –≤ –∑–∞–º—ã—Å–µ–ª —É—á–µ–Ω–∏—è, –∏ –≥–æ—Ç–æ–≤—ã –∫ –ø—Ä–∏–µ–º—É –ø—Ä–∏–±—ã–≤–∞—é—â–∏—Ö –≤–æ–π—Å–∫ –¥–ª—è —Ç–æ–≥–æ, —á—Ç–æ–±—ã –ø—Ä–æ–≤–æ–¥–∏—Ç—å –º–µ—Ä–æ–ø—Ä–∏—è—Ç–∏—è –∏ –æ—Ç—Ä–∞–±–æ—Ç–∞—Ç—å –≤–µ—Å—å –∫–æ–º–ø–ª–µ–∫—Å —É—á–µ–±–Ω–æ-–±–æ–µ–≤—ã—Ö –∑–∞–¥–∞—á.

–°–µ–≥–æ–¥–Ω—è—à–Ω—è—è —Ä–µ–∫–æ–≥–Ω–æ—Å—Ü–∏—Ä–æ–≤–∫–∞ –ø—Ä–æ—à–ª–∞ –ø–ª–∞–Ω–æ–≤–æ. –Ø —É–¥–æ–≤–ª–µ—Ç–≤–æ—Ä–µ–Ω —Ä–∞–±–æ—Ç–æ–π –≤—Å–µ—Ö –Ω–∞—à–∏—Ö –∑–∞–∏–Ω—Ç–µ—Ä–µ—Å–æ–≤–∞–Ω–Ω—ã—Ö –ª–∏—Ü –∏ –≤—Å–µ—Ö –æ—Ç–≤–µ—Ç—Å—Ç–≤–µ–Ω–Ω—ã—Ö, –∫—Ç–æ –µ–µ –≥–æ—Ç–æ–≤–∏–ª –∏ –ø—Ä–æ–≤–æ–¥–∏–ª. –§–∞–∫—Ç–∏—á–µ—Å–∫–∏ –º—ã –≥–æ—Ç–æ–≤—ã –∫ –ø—Ä–∏–µ–º—É –≤–æ–π—Å–∫ –∏ –∫ –Ω–∞—á–∞–ª—É —É—á–µ–Ω–∏–π –≤ —É—Å—Ç–∞–Ω–æ–≤–ª–µ–Ω–Ω—ã–µ —Å—Ä–æ–∫–∏¬ª.__

üî¥ **–û–± –æ—Å–æ–±–µ–Ω–Ω–æ—Å—Ç—è—Ö –ø—Ä–µ–¥—Å—Ç–æ—è—â–∏—Ö –º–∞–Ω–µ–≤—Ä–æ–≤ –∏ —Ä–µ–∞–∫—Ü–∏–∏ —Å—Ç—Ä–∞–Ω-—Å–æ—Å–µ–¥–µ–π –Ω–∞ —É—á–µ–Ω–∏—è:**

üü¢__¬´–£—á–∏—Ç—ã–≤–∞—è —Å–ª–æ–∂–Ω—É—é –≤–æ–µ–Ω–Ω–æ-–ø–æ–ª–∏—Ç–∏—á–µ—Å–∫—É—é –æ–±—Å—Ç–∞–Ω–æ–≤–∫—É, —É—á–∏—Ç—ã–≤–∞—è, —á—Ç–æ –ë–µ–ª–∞—Ä—É—Å—å –ø–æ—Å—Ç–æ—è–Ω–Ω–æ –æ–±–≤–∏–Ω—è—é—Ç –≤ –∞–≥—Ä–µ—Å—Å–∏–≤–Ω—ã—Ö –Ω–∞–º–µ—Ä–µ–Ω–∏—è—Ö, –º—ã –ø—Ä–∏–Ω—è–ª–∏ —Ä–µ—à–µ–Ω–∏–µ –∏ –æ—Ç–æ–¥–≤–∏–Ω—É–ª–∏ —Ä–∞–π–æ–Ω—ã –ø—Ä–æ–≤–µ–¥–µ–Ω–∏—è —É—á–µ–Ω–∏–π –æ—Ç –Ω–∞—à–∏—Ö –≥—Ä–∞–Ω–∏—Ü.

–û—Ç–º–µ—á—É, —á—Ç–æ —ç—Ç–æ—Ç –ø—Ä–æ—Ü–µ—Å—Å –Ω–µ –Ω—É–∂–Ω–æ –æ—Ü–µ–Ω–∏–≤–∞—Ç—å –∫–∞–∫ –Ω–∞—à—É —Å–ª–∞–±–æ—Å—Ç—å –∏–ª–∏ –Ω–∞—à—É –ª–æ—è–ª—å–Ω–æ—Å—Ç—å, –∏–ª–∏ —Ä–µ–∞–≥–∏—Ä–æ–≤–∞–Ω–∏–µ –Ω–∞ –∫–∞–∫–∏–µ-—Ç–æ –ø—Ä–µ—Ç–µ–Ω–∑–∏–∏. –≠—Ç–æ –∏—Å–∫–ª—é—á–∏—Ç–µ–ª—å–Ω–æ –æ–¥–∏–Ω –∏–∑ —à–∞–≥–æ–≤ —Å—Ç–∞–±–∏–ª–∏–∑–∞—Ü–∏–∏ –æ–±—Å—Ç–∞–Ω–æ–≤–∫–∏, —É—Å–ø–æ–∫–∞–∏–≤–∞–Ω–∏—è –º–µ–∂–¥—É–Ω–∞—Ä–æ–¥–Ω–æ–π –æ–±—â–µ—Å—Ç–≤–µ–Ω–Ω–æ—Å—Ç–∏¬ª. __

üü¢__¬´–û–¥–Ω–∞–∫–æ –Ω–∞ —ç—Ç–æ–º –ø—Ä–æ—Ü–µ—Å—Å–µ –Ω–∞—á–∏–Ω–∞–ª–∏ —Å–ø–µ–∫—É–ª–∏—Ä–æ–≤–∞—Ç—å –Ω–∞—à–∏ –∑–∞–ø–∞–¥–Ω—ã–µ –∫–æ–ª–ª–µ–≥–∏. –ü–æ–ª—å—à–∞ –∑–∞—è–≤–∏–ª–∞ –æ —Ç–æ–º, —á—Ç–æ –≥–æ—Ç–æ–≤–∞ –ø—Ä–æ–≤–µ—Å—Ç–∏ —É—á–µ–Ω–∏–µ –¥–∏–≤–∏–∑–∏–æ–Ω–Ω–æ–≥–æ –º–∞—Å—à—Ç–∞–±–∞ —É –Ω–∞—à–∏—Ö –≥—Ä–∞–Ω–∏—Ü –≤ —Ä–∞–π–æ–Ω–µ –ì—Ä–æ–¥–Ω–æ, –ë–µ–ª–æ–≤–µ–∂—Å–∫–æ–π –ø—É—â–∏. –õ–∏—Ç–≤–∞ –ø–µ—Ä–µ–±—Ä–∞—Å—ã–≤–∞–µ—Ç —Å–≤–æ—é –±—Ä–∏–≥–∞–¥—É ¬´–ñ–µ–ª–µ–∑–Ω—ã–π –≤–æ–ª–∫¬ª –Ω–∞ –ø–æ–ª–∏–≥–æ–Ω –ü–∞–±—Ä–∞–¥–µ –∏ –ø–ª–∞–Ω–∏—Ä—É–µ—Ç —Ç–∞–º –ø—Ä–æ–≤–æ–¥–∏—Ç—å –¥–µ–π—Å—Ç–≤–∏—è –≤ 15 –∫–∏–ª–æ–º–µ—Ç—Ä–∞—Ö –æ—Ç –Ω–∞—à–µ–π –≥—Ä–∞–Ω–∏—Ü—ã¬ª.__

__üü¢____¬´–í —ç—Ç–∏—Ö —É—Å–ª–æ–≤–∏—è—Ö –º—ã –æ—Å—Ç–∞–≤–ª—è–µ–º –∑–∞ —Å–æ–±–æ–π –ø—Ä–∞–≤–æ –ø—Ä–∏–Ω—è—Ç—å —Ä–µ—à–µ–Ω–∏–µ –∏ –ø–µ—Ä–µ–º–µ—Å—Ç–∏—Ç—å –Ω–∞—à–∏ –æ—Ç–¥–µ–ª—å–Ω—ã–µ –ø–æ–¥—Ä–∞–∑–¥–µ–ª–µ–Ω–∏—è –≤ —Ö–æ–¥–µ —É—á–µ–Ω–∏–π, —á—Ç–æ–±—ã –æ—Ç—Ä–∞–±–æ—Ç–∞—Ç—å —ç–ø–∏–∑–æ–¥—ã –∏—Å–∫–ª—é—á–∏—Ç–µ–ª—å–Ω–æ –æ–±–æ—Ä–æ–Ω–∏—Ç–µ–ª—å–Ω–æ–≥–æ —Ö–∞—Ä–∞–∫—Ç–µ—Ä–∞, –≤ —Ç–æ–º —á–∏—Å–ª–µ –Ω–∞ —Ç–µ—Ö –Ω–∞–ø—Ä–∞–≤–ª–µ–Ω–∏—è—Ö, –∫–æ—Ç–æ—Ä—ã–µ —è –æ–±–æ–∑–Ω–∞—á–∏–ª.

–í—Ç–æ—Ä–∞—è –æ—Å–æ–±–µ–Ω–Ω–æ—Å—Ç—å —É—á–µ–Ω–∏—è: –º—ã —Å–æ–∑–Ω–∞—Ç–µ–ª—å–Ω–æ —É—à–ª–∏ –≤ —Å—Ü–µ–Ω–∞—Ä–∏–∏ –∏ –∑–∞–º—ã—Å–ª–µ –æ—Ç –ø—Ä–æ—Ä–∞–±–æ—Ç–∫–∏ –≤—Å–µ—Ö –≤–æ–ø—Ä–æ—Å–æ–≤ –Ω–∞—Å—Ç—É–ø–∞—Ç–µ–ª—å–Ω–æ–π —Ç–µ–º–∞—Ç–∏–∫–∏. –£—á–µ–Ω–∏–µ –∏–º–µ–µ—Ç –∏—Å–∫–ª—é—á–∏—Ç–µ–ª—å–Ω–æ –æ–±–æ—Ä–æ–Ω–∏—Ç–µ–ª—å–Ω—ã–µ —ç–ø–∏–∑–æ–¥—ã, –∫–æ—Ç–æ—Ä—ã–µ –ø–æ–∑–≤–æ–ª—è—é—Ç –Ω–∞–º –∑–∞—â–∏—â–∞—Ç—å –∏ –æ–±–µ—Å–ø–µ—á–∏—Ç—å –±–µ–∑–æ–ø–∞—Å–Ω–æ—Å—Ç—å –°–æ—é–∑–Ω–æ–≥–æ –≥–æ—Å—É–¥–∞—Ä—Å—Ç–≤–∞.

–¢—Ä–µ—Ç—å—è –æ—Å–æ–±–µ–Ω–Ω–æ—Å—Ç—å: —É—á–∏—Ç—ã–≤–∞—è —É–º–µ–Ω—å—à–µ–Ω–∏–µ –ø—Ä–æ—Å—Ç—Ä–∞–Ω—Å—Ç–≤–µ–Ω–Ω–æ–≥–æ —Ä–∞–∑–º–∞—Ö–∞ –∏ —Å–Ω–∏–∂–µ–Ω–∏–µ –æ—Ç–¥–µ–ª—å–Ω—ã—Ö –Ω–∞–ø—Ä–∞–≤–ª–µ–Ω–∏–π, –∫–æ—Ç–æ—Ä—ã–µ —Ö–æ—Ç–µ–ª–æ—Å—å –±—ã –æ—Ç—Ä–∞–±–æ—Ç–∞—Ç—å –≤ —Ö–æ–¥–µ —É—á–µ–Ω–∏–π, –º—ã —É–º–µ–Ω—å—à–∏–ª–∏ —Å–æ—Å—Ç–∞–≤ –≤–æ–π—Å–∫, –∫–æ—Ç–æ—Ä—ã–µ –ø—Ä–∏–≤–ª–µ–∫–∞—é—Ç—Å—è –¥–ª—è –µ–≥–æ –ø—Ä–æ–≤–µ–¥–µ–Ω–∏—è. –ï—Å–ª–∏ —Ä–∞–Ω—å—à–µ –º—ã –∑–∞—è–≤–ª—è–ª–∏, —á—Ç–æ —ç—Ç–æ –±—É–¥–µ—Ç –¥–æ—Å—Ç–∞—Ç–æ—á–Ω–æ –º–∞—Å—à—Ç–∞–±–Ω–æ–µ –º–µ—Ä–æ–ø—Ä–∏—è—Ç–∏–µ, —Ç–æ –≤ –Ω–∞—Å—Ç–æ—è—â–µ–µ –≤—Ä–µ–º—è —Ñ–∞–∫—Ç–∏—á–µ—Å–∫–∏ –Ω–∞–ø–æ–ª–æ–≤–∏–Ω—É —É–º–µ–Ω—å—à–µ–Ω —Å–æ—Å—Ç–∞–≤ –≤–æ–π—Å–∫, –ø—Ä–∏–Ω–∏–º–∞—é—â–∏—Ö —É—á–∞—Å—Ç–∏–µ –≤ —É—á–µ–Ω–∏–∏.

–ß–µ—Ç–≤–µ—Ä—Ç–æ–π –æ—Å–æ–±–µ–Ω–Ω–æ—Å—Ç—å—é —è–≤–ª—è–µ—Ç—Å—è —Ç–æ, —á—Ç–æ –≤ —Ö–æ–¥–µ –æ—Ç—Ä–∞–±–æ—Ç–∫–∏ –æ—Å–Ω–æ–≤–Ω—ã—Ö —É—á–µ–±–Ω–æ-–±–æ–µ–≤—ã—Ö —ç–ø–∏–∑–æ–¥–æ–≤ –º—ã –ø–ª–∞–Ω–∏—Ä—É–µ–º –∏—Å–ø–æ–ª—å–∑–æ–≤–∞—Ç—å –≤—Å–µ –ø–æ—Å–ª–µ–¥–Ω–∏–µ –¥–æ—Å—Ç–∏–∂–µ–Ω–∏—è —Å–æ–≤—Ä–µ–º–µ–Ω–Ω–æ–≥–æ –≤–æ–µ–Ω–Ω–æ–≥–æ –∏—Å–∫—É—Å—Å—Ç–≤–∞, –≤ —á–∞—Å—Ç–Ω–æ—Å—Ç–∏, –±–µ—Å–ø–∏–ª–æ—Ç–Ω—ã–µ –ª–µ—Ç–∞—Ç–µ–ª—å–Ω—ã–µ –∞–ø–ø–∞—Ä–∞—Ç—ã, —Å—Ä–µ–¥—Å—Ç–≤–∞ –†–≠–ë, —Ä–∞–∑–ª–∏—á–Ω—ã–µ —Ä–æ–±–æ—Ç–∏–∑–∏—Ä–æ–≤–∞–Ω–Ω—ã–µ –∏ –∞–≤—Ç–æ–º–∞—Ç–∏–∑–∏—Ä–æ–≤–∞–Ω–Ω—ã–µ –∫–æ–º–ø–ª–µ–∫—Å—ã, —Ä–∞–∑–≤–∏–≤–∞—Ç—å –∏ –∏—Å–ø–æ–ª—å–∑–æ–≤–∞—Ç—å —Å–æ–≤—Ä–µ–º–µ–Ω–Ω—ã–µ –ø—Ä–∏–µ–º—ã –ø—Ä–æ—Ç–∏–≤–æ–≤–æ–∑–¥—É—à–Ω–æ–π –æ–±–æ—Ä–æ–Ω—ã –∏ –±–æ—Ä—å–±—ã —Å –±–µ—Å–ø–∏–ª–æ—Ç–Ω–∏–∫–∞–º–∏¬ª.__

üî¥ **–û –ø—Ä–∏–≤–µ—Ä–∂–µ–Ω–Ω–æ—Å—Ç–∏ –ë–µ–ª–∞—Ä—É—Å–∏ —É—Å—Ç–æ—è–≤—à–∏–º—Å—è –ø—Ä–∏–Ω—Ü–∏–ø–∞–º:**

__üü¢____¬´–î–µ–º–æ–Ω—Å—Ç—Ä–∏—Ä—É—è —Å–≤–æ—é –º–∏—Ä–æ–ª—é–±–∏–≤–æ—Å—Ç—å –∏ –æ—Ç–∫—Ä—ã—Ç–æ—Å—Ç—å, –º—ã –ø–ª–∞–Ω–∏—Ä—É–µ–º –ø—Ä–∏–≥–ª–∞—Å–∏—Ç—å –Ω–∞ –¥–∞–Ω–Ω–æ–µ —É—á–µ–Ω–∏–µ –Ω–∞–±–ª—é–¥–∞—Ç–µ–ª–µ–π –∏–∑ —Ä–∞–∑–ª–∏—á–Ω—ã—Ö —Å—Ç—Ä–∞–Ω, —á—Ç–æ–±—ã –ø–æ–¥—Ç–≤–µ—Ä–¥–∏—Ç—å —Å–≤–æ—é –ø—Ä–∏–≤–µ—Ä–∂–µ–Ω–Ω–æ—Å—Ç—å –∫–æ–º–ø–ª–µ–∫—Å—É –º–µ—Ä–æ–ø—Ä–∏—è—Ç–∏–π –ø–æ –æ–±–µ—Å–ø–µ—á–µ–Ω–∏—é –º–µ—Ä –¥–æ–≤–µ—Ä–∏—è –∏ –±–µ–∑–æ–ø–∞—Å–Ω–æ—Å—Ç–∏.

–ú—ã —Ä–∞—Å—Å–º–∞—Ç—Ä–∏–≤–∞–µ–º –≤ –∫–∞—á–µ—Å—Ç–≤–µ –ø—Ä–∏–≥–ª–∞—à–µ–Ω–Ω—ã—Ö –≥–æ—Å—É–¥–∞—Ä—Å—Ç–≤–∞ ‚Äì —á–ª–µ–Ω—ã –û–î–ö–ë, –°–æ–¥—Ä—É–∂–µ—Å—Ç–≤–∞ –ù–µ–∑–∞–≤–∏—Å–∏–º—ã—Ö –ì–æ—Å—É–¥–∞—Ä—Å—Ç–≤, –®–∞–Ω—Ö–∞–π—Å–∫–æ–π –æ—Ä–≥–∞–Ω–∏–∑–∞—Ü–∏–∏ —Å–æ—Ç—Ä—É–¥–Ω–∏—á–µ—Å—Ç–≤–∞, —Å—Ç—Ä–∞–Ω—ã –¥–∞–ª—å–Ω–µ–π –¥—É–≥–∏.

–ö—Ä–æ–º–µ —Ç–æ–≥–æ, –ø–ª–∞–Ω–∏—Ä—É–µ–º –ø—Ä–∏–≥–ª–∞—Å–∏—Ç—å –∞–∫–∫—Ä–µ–¥–∏—Ç–æ–≤–∞–Ω–Ω—ã—Ö —É –Ω–∞—Å –≤–æ–µ–Ω–Ω—ã—Ö –∞—Ç—Ç–∞—à–µ, –∞ —Ç–∞–∫–∂–µ –≥–æ—Å—É–¥–∞—Ä—Å—Ç–≤–∞ ‚Äì—É—á–∞—Å—Ç–Ω–∏–∫–∏ –û–ë–°–ï –≤ —Ä–∞–º–∫–∞—Ö –í–µ–Ω—Å–∫–æ–≥–æ –¥–æ–∫—É–º–µ–Ω—Ç–∞, –∫–æ—Ç–æ—Ä–æ–º—É –º—ã —Å–æ—Ö—Ä–∞–Ω—è–µ–º –ø—Ä–∏–≤–µ—Ä–∂–µ–Ω–Ω–æ—Å—Ç—å –∏ –ø–æ –∫–æ—Ç–æ—Ä–æ–º—É –ø—Ä–æ–¥–æ–ª–∂–∞–µ–º —Ä–∞–±–æ—Ç–∞—Ç—å¬ª.__

üî¥#–ó–∞–ø–∞–¥2025 

üëâ [–ü—Ä–æ–≥–æ–ª–æ—Å–æ–≤–∞—Ç—å –∑–∞ –∫–∞–Ω–∞–ª](https://t.me/boost/modmilby)",https://t.me/modmilby/49083
modmilby_49079,modmilby,2025-07-23 12:45:51+00:00,"‚ö°Ô∏è#–ø—Ä—è–º–æ—Å–µ–π—á–∞—Å –Ω–∞ –æ–¥–Ω–æ–º –∏–∑ –ø–æ–ª–∏–≥–æ–Ω–æ–≤ –ø–æ–¥ —Ä—É–∫–æ–≤–æ–¥—Å—Ç–≤–æ–º –Ω–∞—á–∞–ª—å–Ω–∏–∫–∞ –ì–µ–Ω–µ—Ä–∞–ª—å–Ω–æ–≥–æ —à—Ç–∞–±–∞ –í–æ–æ—Ä—É–∂–µ–Ω–Ω—ã—Ö –°–∏–ª –≥–µ–Ω–µ—Ä–∞–ª-–º–∞–π–æ—Ä–∞ –ü–∞–≤–ª–∞ –ú—É—Ä–∞–≤–µ–π–∫–æ –ø—Ä–æ—Ö–æ–¥–∏—Ç —Ä–µ–∫–æ–≥–Ω–æ—Å—Ü–∏—Ä–æ–≤–∫–∞ —É—á–µ–Ω–∏—è #–ó–∞–ø–∞–¥2025 

üì£–ü–æ–¥—Ä–æ–±–Ω–æ—Å—Ç–∏ —Å–∫–æ—Ä–æ!

–§–æ—Ç–æ: –ê—Ä—Ç–µ–º –ë–µ—Ä–µ—Å—Ç–µ–Ω—å, ¬´–í–∞—è—Ä¬ª
–í–∏–¥–µ–æ: ¬´–í–æ–µ–Ω–¢–í¬ª

üëâ [–ü—Ä–æ–≥–æ–ª–æ—Å–æ–≤–∞—Ç—å –∑–∞ –∫–∞–Ω–∞–ª](https://t.me/boost/modmilby)",https://t.me/modmilby/49079
modmilby_49002,modmilby,2025-07-16 06:01:30+00:00,"üáßüáæ**__¬´–†–µ—Å–ø—É–±–ª–∏–∫–∞ –ë–µ–ª–∞—Ä—É—Å—å –ø—Ä–æ–¥–æ–ª–∂–∞–µ—Ç –ø–æ—Å–ª–µ–¥–æ–≤–∞—Ç–µ–ª—å–Ω–æ –∏ –Ω–µ–ø—Ä–µ–∫–ª–æ–Ω–Ω–æ —Å–ª–µ–¥–æ–≤–∞—Ç—å –ø–æ –ø—É—Ç–∏ –≤–æ–∑–≤—Ä–∞—â–µ–Ω–∏—è –º–∏—Ä–∞ –∏ —Å—Ç–∞–±–∏–ª—å–Ω–æ—Å—Ç–∏ –≤ –í–æ—Å—Ç–æ—á–Ω–æ–µ–≤—Ä–æ–ø–µ–π—Å–∫–∏–π —Ä–µ–≥–∏–æ–Ω. –ú—ã –ø–æ-–ø—Ä–µ–∂–Ω–µ–º—É –ø—Ä–µ–¥–ª–∞–≥–∞–µ–º –≤–æ–µ–Ω–Ω–æ-–ø–æ–ª–∏—Ç–∏—á–µ—Å–∫–æ–º—É —Ä—É–∫–æ–≤–æ–¥—Å—Ç–≤—É –†–µ—Å–ø—É–±–ª–∏–∫–∏ –ü–æ–ª—å—à–∞ –≤–µ—Ä–Ω—É—Ç—å—Å—è –∫ —Ä–∞–≤–Ω–æ–ø—Ä–∞–≤–Ω–æ–º—É –∏ –≤–∑–∞–∏–º–æ—É–≤–∞–∂–∏—Ç–µ–ª—å–Ω–æ–º—É –¥–∏–∞–ª–æ–≥—É¬ª,__** ‚Äî –≥–µ–Ω–µ—Ä–∞–ª-–º–∞–π–æ—Ä –í–∞–ª–µ—Ä–∏–π –†–µ–≤–µ–Ω–∫–æ.

‚≠êÔ∏è –ù–∞—á–∞–ª—å–Ω–∏–∫ –î–µ–ø–∞—Ä—Ç–∞–º–µ–Ω—Ç–∞ –º–µ–∂–¥—É–Ω–∞—Ä–æ–¥–Ω–æ–≥–æ –≤–æ–µ–Ω–Ω–æ–≥–æ —Å–æ—Ç—Ä—É–¥–Ω–∏—á–µ—Å—Ç–≤–∞ ‚Äì –ø–æ–º–æ—â–Ω–∏–∫ –ú–∏–Ω–∏—Å—Ç—Ä–∞ –æ–±–æ—Ä–æ–Ω—ã –ø–æ –≤–æ–ø—Ä–æ—Å–∞–º –º–µ–∂–¥—É–Ω–∞—Ä–æ–¥–Ω–æ–≥–æ –≤–æ–µ–Ω–Ω–æ–≥–æ —Å–æ—Ç—Ä—É–¥–Ω–∏—á–µ—Å—Ç–≤–∞ **–≥–µ–Ω–µ—Ä–∞–ª-–º–∞–π–æ—Ä –í–∞–ª–µ—Ä–∏–π –†–µ–≤–µ–Ω–∫–æ** –æ–±–æ–∑–Ω–∞—á–∏–ª –ø–æ–∑–∏—Ü–∏—é –†–µ—Å–ø—É–±–ª–∏–∫–∏ –ë–µ–ª–∞—Ä—É—Å—å –æ—Ç–Ω–æ—Å–∏—Ç–µ–ª—å–Ω–æ –≤–æ–∑–æ–±–Ω–æ–≤–ª–µ–Ω–∏—è –¥–æ–±—Ä–æ—Å–æ—Å–µ–¥—Å–∫–∏—Ö –æ—Ç–Ω–æ—à–µ–Ω–∏–π —Å –†–µ—Å–ø—É–±–ª–∏–∫–æ–π –ü–æ–ª—å—à–∞. 

__üü¢____¬´–ù–∞ —Ñ–æ–Ω–µ –ø—Ä–æ–¥–æ–ª–∂–∞—é—â–µ–≥–æ—Å—è –≤–æ–æ—Ä—É–∂–µ–Ω–Ω–æ–≥–æ –∫–æ–Ω—Ñ–ª–∏–∫—Ç–∞ –≤ –£–∫—Ä–∞–∏–Ω–µ –¥–æ–ø–æ–ª–Ω–∏—Ç–µ–ª—å–Ω—ã–º —Ñ–∞–∫—Ç–æ—Ä–æ–º, —Å–ø–æ—Å–æ–±—Å—Ç–≤—É—é—â–∏–º —Ä–æ—Å—Ç—É –Ω–∞–ø—Ä—è–∂–µ–Ω–Ω–æ—Å—Ç–∏ –≤ –í–æ—Å—Ç–æ—á–Ω–æ–µ–≤—Ä–æ–ø–µ–π—Å–∫–æ–º —Ä–µ–≥–∏–æ–Ω–µ, —è–≤–ª—è–µ—Ç—Å—è —É—Å–∫–æ—Ä–µ–Ω–Ω–∞—è –º–∏–ª–∏—Ç–∞—Ä–∏–∑–∞—Ü–∏—è –†–µ—Å–ø—É–±–ª–∏–∫–∏ –ü–æ–ª—å—à–∞, —è–≤–Ω–æ –ø—Ä–µ–≤—ã—à–∞—é—â–∞—è –æ–±–æ—Ä–æ–Ω–Ω—É—é –¥–æ—Å—Ç–∞—Ç–æ—á–Ω–æ—Å—Ç—å. –í 2025 –≥–æ–¥—É –≤–æ–µ–Ω–Ω—ã–π –±—é–¥–∂–µ—Ç –ü–æ–ª—å—à–∏ –¥–æ—Å—Ç–∏–≥ —Ä–µ–∫–æ—Ä–¥–Ω—ã—Ö 4,7 –ø—Ä–æ—Ü–µ–Ω—Ç–∞ –í–í–ü.

–ü—Ä–æ–∏—Å—Ö–æ–¥–∏—Ç –∞–∫—Ç–∏–≤–Ω–∞—è –∑–∞–∫—É–ø–∫–∞ –∏–Ω–æ—Å—Ç—Ä–∞–Ω–Ω—ã—Ö —É–¥–∞—Ä–Ω–æ-–Ω–∞—Å—Ç—É–ø–∞—Ç–µ–ª—å–Ω—ã—Ö –≤–æ–æ—Ä—É–∂–µ–Ω–∏–π –∏ –Ω–∞—Ä–∞—â–∏–≤–∞–Ω–∏–µ –º–æ—â–Ω–æ—Å—Ç–µ–π –Ω–∞—Ü–∏–æ–Ω–∞–ª—å–Ω–æ–≥–æ –≤–æ–µ–Ω–Ω–æ-–ø—Ä–æ–º—ã—à–ª–µ–Ω–Ω–æ–≥–æ –∫–æ–º–ø–ª–µ–∫—Å–∞.

–ü—Ä–æ–≤–æ–¥—è—Ç—Å—è –ø—Ä–∞–∫—Ç–∏—á–µ—Å–∫–∏–µ –º–µ—Ä–æ–ø—Ä–∏—è—Ç–∏—è –ø–æ —Ñ–æ—Ä–º–∏—Ä–æ–≤–∞–Ω–∏—é —Ç—Ä–µ—Ö –º–µ—Ö–∞–Ω–∏–∑–∏—Ä–æ–≤–∞–Ω–Ω—ã—Ö –¥–∏–≤–∏–∑–∏–π –≤ –≤–æ—Å—Ç–æ—á–Ω—ã—Ö —Ä–µ–≥–∏–æ–Ω–∞—Ö —Å—Ç—Ä–∞–Ω—ã (–Ω–∞ —É–¥–∞–ª–µ–Ω–∏–∏ –¥–æ 200 –∫–º –æ—Ç –ì–æ—Å—É–¥–∞—Ä—Å—Ç–≤–µ–Ω–Ω–æ–π –≥—Ä–∞–Ω–∏—Ü—ã –†–µ—Å–ø—É–±–ª–∏–∫–∏ –ë–µ–ª–∞—Ä—É—Å—å). 

–í –ø—Ä–∏–≥—Ä–∞–Ω–∏—á–Ω—ã—Ö —Å –Ω–∞—à–µ–π —Å—Ç—Ä–∞–Ω–æ–π —Ä–∞–π–æ–Ω–∞—Ö –¥–æ–ø–æ–ª–Ω–∏—Ç–µ–ª—å–Ω–æ —Å–∫–æ–Ω—Ü–µ–Ω—Ç—Ä–∏—Ä–æ–≤–∞–Ω–æ –ø–æ—Ä—è–¥–∫–∞ 11 —Ç—ã—Å. –≤–æ–µ–Ω–Ω–æ—Å–ª—É–∂–∞—â–∏—Ö, —Å–æ—Ç—Ä—É–¥–Ω–∏–∫–æ–≤ –æ—Ä–≥–∞–Ω–æ–≤ –ø–æ–≥—Ä–∞–Ω–∏—á–Ω–æ–π —Å–ª—É–∂–±—ã –∏ –ø–æ–ª–∏—Ü–∏–∏. –ü–æ–ª—å—Å–∫–æ–µ —Ä—É–∫–æ–≤–æ–¥—Å—Ç–≤–æ —Ç–∞–∫–∂–µ –Ω–∞–º–µ—Ä–µ–Ω–æ –≤—ã–π—Ç–∏ –∏–∑ –û—Ç—Ç–∞–≤—Å–∫–æ–π –∫–æ–Ω–≤–µ–Ω—Ü–∏–∏ –∏ —Ä–∞–∑–º–µ—Å—Ç–∏—Ç—å –Ω–∞ –≥—Ä–∞–Ω–∏—Ü–µ —Å –ë–µ–ª–∞—Ä—É—Å—å—é –ø—Ä–æ—Ç–∏–≤–æ–ø–µ—Ö–æ—Ç–Ω—ã–µ –º–∏–Ω—ã. 

–û—á–µ—Ä–µ–¥–Ω—ã–º —à–∞–≥–æ–º –≤–æ–µ–Ω–Ω–æ-–ø–æ–ª–∏—Ç–∏—á–µ—Å–∫–æ–≥–æ —Ä—É–∫–æ–≤–æ–¥—Å—Ç–≤–∞ –ü–æ–ª—å—à–∏ –≤ —Å—Ç–æ—Ä–æ–Ω—É –Ω–∞–≥–Ω–µ—Ç–∞–Ω–∏—è –æ–±—Å—Ç–∞–Ω–æ–≤–∫–∏ –≤ —Ä–µ–≥–∏–æ–Ω–µ —Å—Ç–∞–ª–æ —Ä–µ—à–µ–Ω–∏–µ –æ –ø—Ä–æ–≤–µ–¥–µ–Ω–∏–∏ –≤ –æ—Ç–≤–µ—Ç –Ω–∞ –ø–ª–∞–Ω–æ–≤–æ–µ —Å–æ–≤–º–µ—Å—Ç–Ω–æ–µ —Å—Ç—Ä–∞—Ç–µ–≥–∏—á–µ—Å–∫–æ–µ —É—á–µ–Ω–∏–µ –≤–æ–æ—Ä—É–∂–µ–Ω–Ω—ã—Ö —Å–∏–ª –†–µ—Å–ø—É–±–ª–∏–∫–∏ –ë–µ–ª–∞—Ä—É—Å—å –∏ –†–æ—Å—Å–∏–π—Å–∫–æ–π –§–µ–¥–µ—Ä–∞—Ü–∏–∏ ¬´–ó–∞–ø–∞–¥-2025¬ª —Å–µ—Ä–∏–∏ –¥–∏–≤–∏–∑–∏–æ–Ω–Ω—ã—Ö —É—á–µ–Ω–∏–π ¬´–ñ–µ–ª–µ–∑–Ω—ã–π –∑–∞—â–∏—Ç–Ω–∏–∫¬ª –≤ –≤–æ—Å—Ç–æ—á–Ω—ã—Ö —Ä–µ–≥–∏–æ–Ω–∞—Ö —Å—Ç—Ä–∞–Ω—ã. –û–Ω–∞ –ø—Ä–æ–π–¥–µ—Ç, –Ω–µ—Å–º–æ—Ç—Ä—è –Ω–∞ —Ä–µ—à–µ–Ω–∏–µ –±–µ–ª–æ—Ä—É—Å—Å–∫–æ–π —Å—Ç–æ—Ä–æ–Ω—ã –æ —Å–æ–∫—Ä–∞—â–µ–Ω–∏–∏ —á–∏—Å–ª–µ–Ω–Ω–æ—Å—Ç–∏ —É—á–∞—Å—Ç–Ω–∏–∫–æ–≤ —É—á–µ–Ω–∏—è ¬´–ó–∞–ø–∞–¥-2025¬ª. 

–¢–µ–º –Ω–µ –º–µ–Ω–µ–µ –≤ –ø–æ–¥—Ç–≤–µ—Ä–∂–¥–µ–Ω–∏–µ —Å—Ç—Ä–µ–º–ª–µ–Ω–∏—è –∫ –Ω–∞–ª–∞–∂–∏–≤–∞–Ω–∏—é –¥–∏–∞–ª–æ–≥–∞ —Å –ø–æ–ª—å—Å–∫–∏–º –≤–æ–µ–Ω–Ω–æ-–ø–æ–ª–∏—Ç–∏—á–µ—Å–∫–∏–º —Ä—É–∫–æ–≤–æ–¥—Å—Ç–≤–æ–º –∏ —Å —Ü–µ–ª—å—é —Å–Ω–∏–∂–µ–Ω–∏—è –ø–æ—Ç–µ–Ω—Ü–∏–∞–ª—å–Ω—ã—Ö —Ä–∏—Å–∫–æ–≤ –≤–æ–æ—Ä—É–∂–µ–Ω–Ω—ã—Ö —Å—Ç–æ–ª–∫–Ω–æ–≤–µ–Ω–∏–π –Ω–∞ —Ñ–æ–Ω–µ —Ä–∞–∑–≤–µ—Ä—Ç—ã–≤–∞–Ω–∏—è –¥–æ–ø–æ–ª–Ω–∏—Ç–µ–ª—å–Ω—ã—Ö —Å–∏–ª –∏ —Å—Ä–µ–¥—Å—Ç–≤ –ø–æ–ª—å—Å–∫–æ–π –∞—Ä–º–∏–∏ –≤–±–ª–∏–∑–∏ –ì–æ—Å—É–¥–∞—Ä—Å—Ç–≤–µ–Ω–Ω–æ–π –≥—Ä–∞–Ω–∏—Ü—ã –†–µ—Å–ø—É–±–ª–∏–∫–∏ –ë–µ–ª–∞—Ä—É—Å—å, **16 –∏—é–Ω—è —Ç.–≥. –±–µ–ª–æ—Ä—É—Å—Å–∫–æ–µ –æ–±–æ—Ä–æ–Ω–Ω–æ–µ –≤–µ–¥–æ–º—Å—Ç–≤–æ –Ω–∞–ø—Ä–∞–≤–∏–ª–æ –≤ –∞–¥—Ä–µ—Å –†–µ—Å–ø—É–±–ª–∏–∫–∏ –ü–æ–ª—å—à–∞ –ø–æ —Å–µ—Ç–∏ —Å–≤—è–∑–∏ –û—Ä–≥–∞–Ω–∏–∑–∞—Ü–∏–∏ –ø–æ –±–µ–∑–æ–ø–∞—Å–Ω–æ—Å—Ç–∏ –∏ —Å–æ—Ç—Ä—É–¥–Ω–∏—á–µ—Å—Ç–≤—É –≤ –ï–≤—Ä–æ–ø–µ –æ—Ñ–∏—Ü–∏–∞–ª—å–Ω–æ–µ –ø—Ä–µ–¥–ª–æ–∂–µ–Ω–∏–µ –≤ –±–ª–∏–∂–∞–π—à–µ–µ –≤—Ä–µ–º—è –ø—Ä–æ–≤–µ—Å—Ç–∏ –ø–µ—Ä–µ–≥–æ–≤–æ—Ä—ã –ø–æ –ª–∏–Ω–∏–∏ –≤–µ—Ä–∏—Ñ–∏–∫–∞—Ü–∏–æ–Ω–Ω—ã—Ö –≤–µ–¥–æ–º—Å—Ç–≤ –ø–æ—Å—Ä–µ–¥—Å—Ç–≤–æ–º —Ç–µ–ª–µ—Ñ–æ–Ω–Ω–æ–π –∏–ª–∏ –≤–∏–¥–µ–æ—Å–≤—è–∑–∏**. 

**–ú—ã –∏—Å—Ö–æ–¥–∏–º –∏–∑ —Ç–æ–≥–æ, —á—Ç–æ –≤–æ–∑–æ–±–Ω–æ–≤–ª–µ–Ω–∏–µ –≤–∑–∞–∏–º–æ–¥–µ–π—Å—Ç–≤–∏—è –º–µ–∂–¥—É –≤–µ—Ä–∏—Ñ–∏–∫–∞—Ü–∏–æ–Ω–Ω—ã–º–∏ —Ü–µ–Ω—Ç—Ä–∞–º–∏ –æ–±–æ–∏—Ö –≥–æ—Å—É–¥–∞—Ä—Å—Ç–≤ –º–æ–∂–µ—Ç –ø–æ—Å–ª—É–∂–∏—Ç—å –ø–µ—Ä–≤—ã–º, –Ω–æ –≤–µ—Å—å–º–∞ –∫–æ–Ω–∫—Ä–µ—Ç–Ω—ã–º –∏ –ø–æ–∫–∞–∑–∞—Ç–µ–ª—å–Ω—ã–º —à–∞–≥–æ–º –Ω–∞ –ø—É—Ç–∏ –Ω–∞–ª–∞–∂–∏–≤–∞–Ω–∏—è –∫–æ–Ω—Ç–∞–∫—Ç–æ–≤ –º–µ–∂–¥—É –Ω–∞—à–∏–º–∏ –≥–æ—Å—É–¥–∞—Ä—Å—Ç–≤–∞–º–∏ –∏ —Å—Ç–∞–±–∏–ª–∏–∑–∞—Ü–∏–∏ –æ–±—Å—Ç–∞–Ω–æ–≤–∫–∏ –≤ —Ä–µ–≥–∏–æ–Ω–µ –≤ —Ü–µ–ª–æ–º. **

–û–¥–Ω–∞–∫–æ –ø–æ –ø—Ä–æ—à–µ—Å—Ç–≤–∏–∏ –º–µ—Å—è—Ü–∞ –æ—Ç –ø–æ–ª—å—Å–∫–æ–π —Å—Ç–æ—Ä–æ–Ω—ã –±—ã–ª –ø–æ–ª—É—á–µ–Ω –ª–∏—à—å —Ñ–æ—Ä–º–∞–ª—å–Ω—ã–π –æ—Ç–≤–µ—Ç, –∫–æ—Ç–æ—Ä—ã–π –Ω–µ –ø–æ–¥—Ä–∞–∑—É–º–µ–≤–∞–µ—Ç –≤–æ—Å—Å—Ç–∞–Ω–æ–≤–ª–µ–Ω–∏–µ –¥–æ–±—Ä–æ—Å–æ—Å–µ–¥—Å–∫–∏—Ö –æ—Ç–Ω–æ—à–µ–Ω–∏–π —Å –Ω–∞—à–∏–º –≥–æ—Å—É–¥–∞—Ä—Å—Ç–≤–æ–º. 

–†–µ—Å–ø—É–±–ª–∏–∫–∞ –ë–µ–ª–∞—Ä—É—Å—å –ø—Ä–æ–¥–æ–ª–∂–∞–µ—Ç –ø–æ—Å–ª–µ–¥–æ–≤–∞—Ç–µ–ª—å–Ω–æ –∏ –Ω–µ–ø—Ä–µ–∫–ª–æ–Ω–Ω–æ —Å–ª–µ–¥–æ–≤–∞—Ç—å –ø–æ –ø—É—Ç–∏ –≤–æ–∑–≤—Ä–∞—â–µ–Ω–∏—è –º–∏—Ä–∞ –∏ —Å—Ç–∞–±–∏–ª—å–Ω–æ—Å—Ç–∏ –≤ –í–æ—Å—Ç–æ—á–Ω–æ–µ–≤—Ä–æ–ø–µ–π—Å–∫–∏–π —Ä–µ–≥–∏–æ–Ω. –í —ç—Ç–æ–π —Å–≤—è–∑–∏ –º—ã –ø–æ-–ø—Ä–µ–∂–Ω–µ–º—É –ø—Ä–µ–¥–ª–∞–≥–∞–µ–º –≤–æ–µ–Ω–Ω–æ-–ø–æ–ª–∏—Ç–∏—á–µ—Å–∫–æ–º—É —Ä—É–∫–æ–≤–æ–¥—Å—Ç–≤—É –†–µ—Å–ø—É–±–ª–∏–∫–∏ –ü–æ–ª—å—à–∞ –≤–µ—Ä–Ω—É—Ç—å—Å—è –∫ —Ä–∞–≤–Ω–æ–ø—Ä–∞–≤–Ω–æ–º—É –∏ –≤–∑–∞–∏–º–æ—É–≤–∞–∂–∏—Ç–µ–ª—å–Ω–æ–º—É –¥–∏–∞–ª–æ–≥—É¬ª. __

‚ö°Ô∏è–ü–æ–¥—Ä–æ–±–Ω–æ—Å—Ç–∏ [–∑–¥–µ—Å—å.](https://www.mil.by/ru/news/178641/)

–§–æ—Ç–æ –∏–∑ –∞—Ä—Ö–∏–≤–∞ –≤–æ–µ–Ω–Ω–æ–≥–æ –∏–Ω—Ñ–æ—Ä–º–∞—Ü–∏–æ–Ω–Ω–æ–≥–æ –∞–≥–µ–Ω—Ç—Å—Ç–≤–∞ ¬´–í–∞—è—Ä¬ª.

üëâ[–ü—Ä–æ–≥–æ–ª–æ—Å–æ–≤–∞—Ç—å –∑–∞ –∫–∞–Ω–∞–ª](https://t.me/boost/modmilby)",https://t.me/modmilby/49002
modmilby_48920,modmilby,2025-07-10 12:06:13+00:00,"‚ö°Ô∏è**–ù–µ –ø—Ä–æ–ø—É—Å—Ç–∏—Ç–µ! –≠–∫—Å–∫–ª—é–∑–∏–≤–Ω–æ–µ –∏–Ω—Ç–µ—Ä–≤—å—é –Ω–∞—á–∞–ª—å–Ω–∏–∫–∞ –ì–µ–Ω–µ—Ä–∞–ª—å–Ω–æ–≥–æ —à—Ç–∞–±–∞ –í–æ–æ—Ä—É–∂–µ–Ω–Ω—ã—Ö –°–∏–ª –≥–µ–Ω–µ—Ä–∞–ª-–º–∞–π–æ—Ä–∞ –ü–∞–≤–ª–∞ –ú—É—Ä–∞–≤–µ–π–∫–æ —É–∂–µ –≤ —Å–µ—Ç–∏.**

üì£–ù–µ—Å–∫–æ–ª—å–∫–æ —Å–ø–æ–π–ª–µ—Ä–æ–≤ –∏–∑ [**–±–æ–ª—å—à–æ–≥–æ –∏–Ω—Ç–µ—Ä–≤—å—é**](https://www.youtube.com/watch?v=nCt5YSmyCPY)** **–æ–±–æ–∑—Ä–µ–≤–∞—Ç–µ–ª—é ¬´–°–ë.–ë–µ–ª–∞—Ä—É—Å—å —Å–µ–≥–æ–¥–Ω—è¬ª [–õ—é–¥–º–∏–ª–µ –ì–ª–∞–¥–∫–æ–π](https://t.me/lgbelarussegodnya):

üî•**–û –≤–µ—Ä–æ—è—Ç–Ω–æ—Å—Ç–∏ –Ω–∞–ø–∞–¥–µ–Ω–∏—è –Ω–∞ –ë–µ–ª–∞—Ä—É—Å—å**

__üî¥____ ¬´–ï—Å—Ç—å –ª–∏ –∂–µ–ª–∞—é—â–∏–µ –Ω–∞–ø–∞—Å—Ç—å –Ω–∞ –ë–µ–ª–∞—Ä—É—Å—å? –û—Ç–∫—Ä—ã—Ç–æ —Ç–∞–∫–∏—Ö –∑–∞—è–≤–ª–µ–Ω–∏–π –Ω–µ –∑–≤—É—á–∏—Ç, –Ω–æ —Ä–∞–∑–ª–∏—á–Ω—ã–µ —Ñ–∞–∫—Ç–æ—Ä—ã —Å–≤–∏–¥–µ—Ç–µ–ª—å—Å—Ç–≤—É—é—Ç –æ —Ç–æ–º, —á—Ç–æ –∫–æ–ª–ª–µ–∫—Ç–∏–≤–Ω—ã–π –ó–∞–ø–∞–¥ –ø—Ä–æ–≤–æ–¥–∏—Ç –∫–æ–º–ø–ª–µ–∫—Å –º–µ—Ä–æ–ø—Ä–∏—è—Ç–∏–π –∑–∞–±–ª–∞–≥–æ–≤—Ä–µ–º–µ–Ω–Ω–æ–π –ø–æ–¥–≥–æ—Ç–æ–≤–∫–∏ –∫ –≤–æ–π–Ω–µ. –≠—Ç–æ –∏ –º–∞—Å—à—Ç–∞–±–Ω–∞—è –º–∏–ª–∏—Ç–∞—Ä–∏–∑–∞—Ü–∏—è. –ò –º–∞—Å—à—Ç–∞–±–Ω–æ–µ —Ä–∞–∑–≤–µ—Ä—Ç—ã–≤–∞–Ω–∏–µ —Å–æ–±—Å—Ç–≤–µ–Ω–Ω—ã—Ö –Ω–∞—Ü–∏–æ–Ω–∞–ª—å–Ω—ã—Ö –≤–æ–æ—Ä—É–∂–µ–Ω–Ω—ã—Ö —Å–∏–ª. –ü—Ä–∏–±–ª–∏–∂–µ–Ω–∏–µ –∫ –Ω–∞—à–∏–º –≥—Ä–∞–Ω–∏—Ü–∞–º –≥—Ä—É–ø–ø–∏—Ä–æ–≤–æ–∫ –≤–æ–æ—Ä—É–∂–µ–Ω–Ω—ã—Ö —Å–∏–ª –ù–ê–¢–û –∏ –∏—Ö –Ω–∞—Ä–∞—â–∏–≤–∞–Ω–∏–µ. –≠—Ç–æ –ø–æ–≤—ã—à–µ–Ω–∏–µ –æ–±–æ—Ä–æ–Ω–Ω—ã—Ö –±—é–¥–∂–µ—Ç–æ–≤. –ú–∞—Å—à—Ç–∞–±–Ω—ã–π —Ä–æ—Å—Ç –º–µ—Ä–æ–ø—Ä–∏—è—Ç–∏–π –æ–ø–µ—Ä–∞—Ç–∏–≤–Ω–æ–π –∏ –±–æ–µ–≤–æ–π –ø–æ–¥–≥–æ—Ç–æ–≤–∫–∏ –Ω–∞—Å—Ç—É–ø–∞—Ç–µ–ª—å–Ω–æ–π –Ω–∞–ø—Ä–∞–≤–ª–µ–Ω–Ω–æ—Å—Ç–∏.

–ù–∞ –æ–±—â–µ–º —Ñ–æ–Ω–µ –∑–≤—É—á–∞—Ç —Å–æ–æ—Ç–≤–µ—Ç—Å—Ç–≤—É—é—â–∏–µ –∑–∞—è–≤–ª–µ–Ω–∏—è —Ä–∞–∑–ª–∏—á–Ω—ã—Ö –ø–æ–ª–∏—Ç–∏–∫–æ–≤ –æ —Ç–æ–º, —á—Ç–æ —Å—Ç–æ–∏–ª–æ –±—ã –≤–µ—Ä–Ω—É—Ç—å—Å—è –∫ –≤–æ–ø—Ä–æ—Å–∞–º –ø—Ä–∏–º–µ–Ω–µ–Ω–∏—è –≤–æ–µ–Ω–Ω–æ–π —Å–∏–ª—ã¬ª.__

üî•**–û —Ñ–µ–Ω–æ–º–µ–Ω–µ —Ç–∏—Ö–æ–π –æ–∫–∫—É–ø–∞—Ü–∏–∏ –ï–≤—Ä–æ–ø—ã**

__üî¥____ ¬´–ú–æ–ª–æ–¥—ã–µ —Å—Ç—Ä–∞–Ω—ã-—á–ª–µ–Ω—ã –ù–ê–¢–û, —Ç–µ, –∫—Ç–æ –≤ –∞–ª—å—è–Ω—Å–µ –º–µ–Ω–µ–µ —Ç—Ä–µ—Ö –¥–µ—Å—è—Ç–∫–æ–≤ –ª–µ—Ç, —è–≤–ª—è—é—Ç—Å—è —Å–≤–æ–µ–æ–±—Ä–∞–∑–Ω—ã–º –ø–æ–ª–∏–≥–æ–Ω–æ–º, –≥–¥–µ –º–æ–∂–Ω–æ –∏—Å–ø—ã—Ç—ã–≤–∞—Ç—å –Ω–æ–≤—ã–µ –º–µ—Ç–æ–¥–∏–∫–∏, –≤–∏–¥—ã –≤–æ–æ—Ä—É–∂–µ–Ω–∏–π, —Ñ–æ—Ä–º—ã –∏—Ö –ø—Ä–∏–º–µ–Ω–µ–Ω–∏—è, –Ω–æ–≤—ã–µ –æ—Ä–≥–∞–Ω–∏–∑–∞—Ü–∏–æ–Ω–Ω–æ-—à—Ç–∞—Ç–Ω—ã–µ —Å—Ç—Ä—É–∫—Ç—É—Ä—ã.

–°—Ä–∞–±–æ—Ç–∞–µ—Ç –ª–∏ –ø—è—Ç–∞—è —Å—Ç–∞—Ç—å—è –ù–ê–¢–û? –Ø –¥–∞–ª–µ–∫ –æ—Ç –º—ã—Å–ª–∏, —á—Ç–æ –Ω–µ–º—Ü—ã –≥–æ—Ç–æ–≤—ã —É–º–∏—Ä–∞—Ç—å –∑–∞ –ø—Ä–∏–±–∞–ª—Ç–æ–≤, –µ—Å–ª–∏ –≤–¥—Ä—É–≥ —á—Ç–æ-—Ç–æ –Ω–∞—á–Ω–µ—Ç—Å—è. –ù–æ —Å–∞–º–æ–µ –≥–ª–∞–≤–Ω–æ–µ, –º–Ω–æ–≥–∏–µ –∏–∑ —Å–µ–≥–æ–¥–Ω—è—à–Ω–∏—Ö –ø–æ—Å—ã–ª–æ–≤ –Ω–∞–¥—É–º–∞–Ω–Ω—ã –∏ –Ω–∞–ø—Ä–∞–≤–ª–µ–Ω—ã –Ω–∞ –º–∏–ª–∏—Ç–∞—Ä–∏–∑–∞—Ü–∏—é –≤ —É–≥–æ–¥—É –∞–º–±–∏—Ü–∏—è–º, –ø—Ä–µ–¥–ª–æ–∂–µ–Ω–∏—è–º, –∑–≤—É—á–∞—â–∏–º –∏–∑-–∑–∞ –æ–∫–µ–∞–Ω–∞. –ü—Ä–µ–∑–∏–¥–µ–Ω—Ç –°–®–ê –ø—Ä–æ–≤–µ—Ä–Ω—É–ª —É–Ω–∏–∫–∞–ª—å–Ω—É—é –æ–ø–µ—Ä–∞—Ü–∏—é –ø–æ –º–∏–ª–∏—Ç–∞—Ä–∏–∑–∞—Ü–∏–∏ –ï–≤—Ä–æ–ø—ã. –û–Ω —Ñ–∞–∫—Ç–∏—á–µ—Å–∫–∏ –ø–æ—Å–∞–¥–∏–ª –≤—Å—é –ï–≤—Ä–æ–ø—É –Ω–∞ –≤–æ–µ–Ω–Ω—É—é –∏–≥–ª—É –∞–º–µ—Ä–∏–∫–∞–Ω—Å–∫–æ–≥–æ –≤–æ–µ–Ω–Ω–æ-–ø—Ä–æ–º—ã—à–ª–µ–Ω–Ω–æ–≥–æ –∫–æ–º–ø–ª–µ–∫—Å–∞.

–ù–µ—É–¥–∏–≤–∏—Ç–µ–ª—å–Ω–æ, –µ—Å–ª–∏ —Å–ª–µ–¥—É—é—â–∏–º –≤–∞—Ä–∏–∞–Ω—Ç–æ–º –±—É–¥–µ—Ç —Å–¥–µ–ª–∫–∞ –æ —Ç–æ–º, —á—Ç–æ –≤—Å–µ –¥–æ–ª–∂–Ω—ã –ø–µ—Ä–µ–π—Ç–∏ –Ω–∞ –∞–º–µ—Ä–∏–∫–∞–Ω—Å–∫–∏–µ —Å—Ç–∞–Ω–¥–∞—Ä—Ç—ã –æ—Ä—É–∂–∏—è –∏ —Ä–∞–∑–≤–∏–≤–∞—Ç—å –≤—Å—ë –≤ –∏–Ω—Ç–µ—Ä–µ—Å–∞—Ö –í–ü–ö. –ò–¥–µ—Ç —Ç–∏—Ö–∞—è –º–∏–ª–∏—Ç–∞—Ä–∏–∑–∞—Ü–∏—è –∏ —Ç–∏—Ö–∞—è –æ–∫–∫—É–ø–∞—Ü–∏—è –ï–≤—Ä–æ–ø—ã —Å–æ —Å—Ç–æ—Ä–æ–Ω—ã –°–æ–µ–¥–∏–Ω–µ–Ω–Ω—ã—Ö –®—Ç–∞—Ç–æ–≤ –∏ –∏—Ö —Å–æ—é–∑–Ω–∏–∫–æ–≤¬ª.__

üî•**–û–± —É—á–µ–Ω–∏—è—Ö ¬´–ó–∞–ø–∞–¥-2025¬ª**

__üî¥____¬´–ß—Ç–æ–±—ã —Å–Ω–∏–∑–∏—Ç—å –Ω–∞–ø—Ä—è–∂–µ–Ω–Ω–æ—Å—Ç—å, –ø–æ–¥—Ç–≤–µ—Ä–¥–∏—Ç—å —Å–≤–æ—é –ø—Ä–∏–≤–µ—Ä–∂–µ–Ω–Ω–æ—Å—Ç—å –º–∏—Ä–Ω—ã–º –∏–Ω–∏—Ü–∏–∞—Ç–∏–≤–∞–º, —Ä–µ–∞–ª–∏–∑–æ–≤–∞—Ç—å –∫–æ–º–ø–ª–µ–∫—Å –º–µ—Ä –¥–æ–≤–µ—Ä–∏—è –ø–æ –ø–æ–ª–∏—Ç–∏–∫–µ –±–µ–∑–æ–ø–∞—Å–Ω–æ—Å—Ç–∏ –≤–±–ª–∏–∑–∏ –≥—Ä–∞–Ω–∏—Ü, –º—ã –ø—Ä–µ–¥–ø—Ä–∏–Ω—è–ª–∏ –æ–ø—Ä–µ–¥–µ–ª–µ–Ω–Ω—ã–µ —à–∞–≥–∏ –ø–æ —É–¥–∞–ª–µ–Ω–∏—é –æ—Å–Ω–æ–≤–Ω—ã—Ö —ç–ø–∏–∑–æ–¥–æ–≤ —É—á–µ–Ω–∏—è –æ—Ç –Ω–∞—à–∏—Ö –∑–∞–ø–∞–¥–Ω—ã—Ö, —é–∂–Ω—ã—Ö –≥—Ä–∞–Ω–∏—Ü, —á—Ç–æ–±—ã –Ω–∏–∫–æ–≥–æ –Ω–µ –ø—Ä–æ–≤–æ—Ü–∏—Ä–æ–≤–∞—Ç—å –∏ –Ω–µ —Å–æ–∑–¥–∞–≤–∞—Ç—å —É—Å–ª–æ–≤–∏–π –¥–ª—è –≤–æ–ª–Ω–µ–Ω–∏—è. 

–ö—Ä–æ–º–µ —Ç–æ–≥–æ, —É–º–µ–Ω—å—à–∏–ª–∏ —á–∏—Å–ª–µ–Ω–Ω–æ—Å—Ç—å, —Å–æ—Å—Ç–∞–≤ –≤–æ–π—Å–∫. –ú—ã –ø—Ä–∏–≥–ª–∞—Å–∏–ª–∏ –∏–Ω–æ—Å—Ç—Ä–∞–Ω–Ω—ã—Ö –Ω–∞–±–ª—é–¥–∞—Ç–µ–ª–µ–π –∏ –≥–æ—Ç–æ–≤—ã –∏—Ö –¥–æ–ø—É—Å—Ç–∏—Ç—å –æ–∑–Ω–∞–∫–æ–º–∏—Ç—å—Å—è —Å–æ –≤—Å–µ–º–∏ —ç–ø–∏–∑–æ–¥–∞–º–∏ –∏ –≤–∞—Ä–∏–∞–Ω—Ç–∞–º–∏ —É—á–µ–Ω–∏—è.

–í—Å—è —ç—Ç–∞ —à—É–º–∏—Ö–∞ –≤–æ–∫—Ä—É–≥ —É—á–µ–Ω–∏–π ¬´–ó–∞–ø–∞–¥-2025¬ª, —Ñ–∞–∫—Ç–∏—á–µ—Å–∫–∏ –∑–µ—Ä–∫–∞–ª—å–Ω–æ –æ—Ç—Ä–∞–∂–∞–µ—Ç —Å–∏—Ç—É–∞—Ü–∏—é 15‚àí17-–ª–µ—Ç–Ω–µ–π –¥–∞–≤–Ω–æ—Å—Ç–∏. –î—É–º–∞—é, –≤—Å–µ –ø–æ–º–Ω—è—Ç ¬´–ó–∞–ø–∞–¥-2009¬ª, –≥–¥–µ –ø–æ –≤—Å–µ–π –ï–≤—Ä–æ–ø–µ –∑–≤–æ–Ω–∏–ª–∏ –≤ –∫–æ–ª–æ–∫–æ–ª–∞, –º–æ–ª, —Å–µ–π—á–∞—Å –ø—Ä–æ–∏–∑–æ–π–¥–µ—Ç —Ä–æ—Å—Å–∏–π—Å–∫–∞—è –∞–≥—Ä–µ—Å—Å–∏—è –Ω–∞ –ï–≤—Ä–æ–ø—É –∏ —É—á–µ–Ω–∏–µ ‚Äî —ç—Ç–æ –ø—Ä–∏–∫—Ä—ã—Ç–∏–µ, —è–∫–æ–±—ã —Å—é–¥–∞ –ø—Ä–∏–µ—Ö–∞–ª–æ 200 —Ç—ã—Å—è—á —Ä–æ—Å—Å–∏–π—Å–∫–∏—Ö —Å–æ–ª–¥–∞—Ç, –∫–æ—Ç–æ—Ä—ã–µ –≥–æ—Ç–æ–≤—ã –Ω–∞—Å—Ç—É–ø–∞—Ç—å –Ω–∞ –ü—Ä–∏–±–∞–ª—Ç–∏–∫—É. –ù–æ —É—á–µ–Ω–∏–µ –∑–∞–∫–æ–Ω—á–∏–ª–æ—Å—å, —Ä–æ—Å—Å–∏–π—Å–∫–∏–µ –≤–æ–π—Å–∫–∞ —É–µ—Ö–∞–ª–∏, –Ω–∞—à–∏ –ø–æ–¥—Ä–∞–∑–¥–µ–ª–µ–Ω–∏—è –≤–µ—Ä–Ω—É–ª–∏—Å—å –≤ –ø—É–Ω–∫—Ç—ã –ø–æ—Å—Ç–æ—è–Ω–Ω–æ–π –¥–∏—Å–ª–æ–∫–∞—Ü–∏–∏.

–ê —á—Ç–æ –ø—Ä–æ–∏–∑–æ—à–ª–æ –≤ —Å–∞–º–æ–π –ï–≤—Ä–æ–ø–µ? –ö–∞–∫ –±—ã —Ä–µ–∞–≥–∏—Ä—É—è –Ω–∞ ¬´–ó–∞–ø–∞–¥-2009¬ª, —Ç–∞–º –ø–æ—è–≤–∏–ª–∏—Å—å –±–∞—Ç–∞–ª—å–æ–Ω–Ω—ã–µ —Ç–∞–∫—Ç–∏—á–µ—Å–∫–∏–µ –≥—Ä—É–ø–ø—ã. –ò —É–∂–µ —Å—Ç–æ–ª—å–∫–æ –ª–µ—Ç –∏—Ö –∫–æ–ª–∏—á–µ—Å—Ç–≤–æ —Ç–æ–ª—å–∫–æ –≤–æ–∑—Ä–∞—Å—Ç–∞–µ—Ç. –°–µ–≥–æ–¥–Ω—è –≤ –ï–≤—Ä–æ–ø–µ –∏—Ö 19, –∏ 10 –∏–∑ –Ω–∏—Ö —Ä–∞—Å–ø–æ–ª–æ–∂–µ–Ω—ã –Ω–µ–ø–æ—Å—Ä–µ–¥—Å—Ç–≤–µ–Ω–Ω–æ –≤ —Å–æ–ø—Ä–µ–¥–µ–ª—å–Ω—ã—Ö —Å –Ω–∞–º–∏ —Å—Ç—Ä–∞–Ω–∞—Ö¬ª.__

üî•**–û —Å–æ–≤—Ä–µ–º–µ–Ω–Ω–æ–º –æ–±–ª–∏–∫–µ –í–æ–æ—Ä—É–∂–µ–Ω–Ω—ã—Ö –°–∏–ª –∏ –ø–µ—Ä–ø–µ–∫—Ç–∏–≤–∞—Ö –ø–æ–¥–≥–æ—Ç–æ–≤–∫–∏ –≤–æ–π—Å–∫**

__üî¥____¬´–í—Å—ë –Ω–∞ –ø–æ–ª–µ –±–æ—è –≤—Å–µ —Ä–∞–≤–Ω–æ —Ä–µ—à–∞–µ—Ç —Å–æ–ª–¥–∞—Ç. –ê—Ä—Ç–∏–ª–ª–µ—Ä–∏—è, —Ç–∞–Ω–∫–∏, –±–æ–µ–≤—ã–µ –º–∞—à–∏–Ω—ã ‚Äî —ç—Ç–æ —Å—Ä–µ–¥—Å—Ç–≤–∞ –æ–±–µ—Å–ø–µ—á–µ–Ω–∏—è –∂–∏–∑–Ω–µ–¥–µ—è—Ç–µ–ª—å–Ω–æ—Å—Ç–∏ –∏ —Ñ—É–Ω–∫—Ü–∏–æ–Ω–∏—Ä–æ–≤–∞–Ω–∏—è —Å–æ–ª–¥–∞—Ç–∞. –ú—ã –Ω–∞—à–ª–∏ –Ω—É–∂–Ω—ã–π –±–∞–ª–∞–Ω—Å –º–µ–∂–¥—É —Ä–∞–∑–ª–∏—á–Ω—ã–º–∏ —Ä–æ–¥–∞–º–∏ –∏ –≤–∏–¥–∞–º–∏ –≤–æ–π—Å–∫. –ë–µ—Å–ø–∏–ª–æ—Ç–Ω–∞—è —Å–∏—Å—Ç–µ–º–∞ ‚Äî –æ—Ç–¥–µ–ª—å–Ω–æ–µ –Ω–∞–ø—Ä–∞–≤–ª–µ–Ω–∏–µ —Å–ø–µ—Ü–∏–∞–ª—å–Ω—ã—Ö –≤–æ–π—Å–∫ –≤ –Ω–∞—à–∏—Ö –í–æ–æ—Ä—É–∂–µ–Ω–Ω—ã—Ö —Å–∏–ª–∞—Ö. –ú—ã —Å–æ–∑–¥–∞–ª–∏ —Å–æ–æ—Ç–≤–µ—Ç—Å—Ç–≤—É—é—â—É—é –≤–µ—Ä—Ç–∏–∫–∞–ª—å –∏ —Ä–∞–∑–≤–∏–≤–∞–µ–º –µ–µ.

–†–∞–∑–≤–∏–≤–∞–µ–º –∏ —Ç–∞–∫–∏–µ –Ω–∞–ø—Ä–∞–≤–ª–µ–Ω–∏—è, –∫–∞–∫ –∏–Ω–∂–µ–Ω–µ—Ä–Ω–æ–µ –æ–±–µ—Å–ø–µ—á–µ–Ω–∏–µ, —Ä–∞–¥–∏–∞—Ü–∏–æ–Ω–Ω–æ-—Ö–∏–º–∏—á–µ—Å–∫–∞—è –∏ –±–∏–æ–ª–æ–≥–∏—á–µ—Å–∫–∞—è –∑–∞—â–∏—Ç–∞, –†–≠–ë, –∞—Ä—Ç–∏–ª–ª–µ—Ä–∏—è –∏ –∫–æ–Ω—Ç—Ä–±–∞—Ç–∞—Ä–µ–π–Ω–∞—è –±–æ—Ä—å–±–∞, —Å–æ–≤—Ä–µ–º–µ–Ω–Ω—ã–µ —Å–∏—Å—Ç–µ–º—ã –¥–∞–ª—å–Ω–µ–≥–æ –æ–≥–Ω–µ–≤–æ–≥–æ –ø–æ—Ä–∞–∂–µ–Ω–∏—è, –ø–æ—Å—Ç—É–ø–∏–≤—à–∏–µ –Ω–∞ –≤–æ–æ—Ä—É–∂–µ–Ω–∏–µ ¬´–ü–æ–ª–æ–Ω–µ–∑—ã¬ª, ¬´–ò—Å–∫–∞–Ω–¥–µ—Ä—ã¬ª.

–ú—ã –æ–±—É—á–∞–µ–º –≤–æ–µ–Ω–Ω—ã—Ö, –±—É–¥—É—â–∏—Ö –æ—Ñ–∏—Ü–µ—Ä–æ–≤ –ø—Ä–∏–º–µ–Ω–µ–Ω–∏—é –≤—Å–µ—Ö –≤–∏–¥–æ–≤ –≤–æ–æ—Ä—É–∂–µ–Ω–∏–π. –ò–∑—É—á–∞–µ–º –º–Ω–æ–≥–æ –≤–æ–ø—Ä–æ—Å–æ–≤ –≤ –¥—Ä—É–≥–∏—Ö —Å—Ç—Ä–∞–Ω–∞—Ö, –Ω–æ –±–æ–ª—å—à–æ–π —É–ø–æ—Ä –¥–µ–ª–∞–µ–º –Ω–∞ –æ–ø—ã—Ç –Ω–∞—à–µ–≥–æ —Å—Ç—Ä–∞—Ç–µ–≥–∏—á–µ—Å–∫–æ–≥–æ —Å–æ—é–∑–Ω–∏–∫–∞ –∏ –ø–∞—Ä—Ç–Ω–µ—Ä–∞ ‚Äì –†–æ—Å—Å–∏–∏. –ê–∫—Ç–∏–≤–Ω–æ –≤–∑–∞–∏–º–æ–¥–µ–π—Å—Ç–≤—É–µ–º —Å –ø–∞—Ä—Ç–Ω–µ—Ä–∞–º–∏ –ø–æ –û–î–ö–ë. –ï—Å—Ç—å —á–µ–º—É –ø–æ—É—á–∏—Ç—å—Å—è —Ñ–∞–∫—Ç–∏—á–µ—Å–∫–∏ –≤ –∫–∞–∂–¥–æ–π —Å—Ç—Ä–∞–Ω–µ –∏ –µ—Å—Ç—å —á–µ–º—É –ø–æ—É—á–∏—Ç—å—Å—è —É –Ω–∞—Å¬ª. __

üëâ [–ü—Ä–æ–≥–æ–ª–æ—Å–æ–≤–∞—Ç—å –∑–∞ –∫–∞–Ω–∞–ª](https://t.me/boost/modmilby)",https://t.me/modmilby/48920
alekseystefanov_12196,alekseystefanov,2025-07-16 15:24:48+00:00,"–°–®–ê –ø–æ—Å—Ç–∞–≤—è—Ç –¥–ª—è –£–∫—Ä–∞–∏–Ω—ã –≤–æ–æ—Ä—É–∂–µ–Ω–∏—è –Ω–∞ 300 –º–ª–Ω. –¥–æ–ª–ª–∞—Ä–æ–≤, –Ω–æ –∑–∞–ø–ª–∞—Ç–∏—Ç –∑–∞ –Ω–µ–≥–æ –ï–≤—Ä–æ—Å–æ—é–∑, –¥–ª—è –ü—É—Ç–∏–Ω–∞ –¢—Ä–∞–º–ø —É—Å—Ç–∞–Ω–æ–≤–∏–ª 50-–¥–Ω–µ–≤–Ω—ã–π —Ç–∞–π–º–µ—Ä ‚Äî –∑–∞ —ç—Ç–æ –≤—Ä–µ–º—è, —Ç–∞–∫ —Ö–æ—á–µ—Ç –ø—Ä–µ–∑–∏–¥–µ–Ω—Ç –°–æ–µ–¥–∏–Ω–µ–Ω–Ω—ã—Ö –®—Ç–∞—Ç–æ–≤, –¥–æ–ª–∂–µ–Ω —Ä–∞–∑—Ä–µ—à–∏—Ç—å—Å—è –∫–æ–Ω—Ñ–ª–∏–∫—Ç –º–µ–∂–¥—É –†–æ—Å—Å–∏–µ–π –∏ –£–∫—Ä–∞–∏–Ω–æ–π. 

–ò, –Ω–∞–≤–µ—Ä–Ω–æ–µ, –µ—Å–ª–∏ –±—ã –Ω–∞—à–∏ –ª—é–¥–∏ –Ω–µ —á–∏—Ç–∞–ª–∏ –≥–∞–∑–µ—Ç –∏ –∫–Ω–∏–≥, –Ω–µ –±—ã–ª–∏ —ç—Ä—É–¥–∏—Ä–æ–≤–∞–Ω—ã –∏ –Ω–µ —Å—Ç—Ä–µ–º–∏–ª–∏—Å—å —Ä–∞–∑–æ–±—Ä–∞—Ç—å—Å—è –≤–æ –≤—Å–µ–º –ø—Ä–æ–∏—Å—Ö–æ–¥—è—â–µ–º, —Ç–æ –Ω–∞ –¥–∏—Å—Å–æ–Ω–∞–Ω—Å —Ç–∞–∫–∏—Ö –∑–∞—è–≤–ª–µ–Ω–∏–π –º–æ–∂–Ω–æ –±—ã–ª–æ –±—ã –Ω–µ –æ–±—Ä–∞—â–∞—Ç—å –≤–Ω–∏–º–∞–Ω–∏—è, –Ω–æ –∑–¥–µ—Å—å —Å–∏—Ç—É–∞—Ü–∏—è –∏–Ω–∞—è: –¢—Ä–∞–º–ø —Ä–µ—à–∏–ª –ø–æ–∏–∑–¥–µ–≤–∞—Ç—å—Å—è –Ω–∞–¥ –†–æ—Å—Å–∏–µ–π ‚Äî –º–æ–ª, –≤–æ—Ç –≤–∞–º 50 –¥–Ω–µ–π —Å –±–∞—Ä—Å–∫–æ–≥–æ –ø–ª–µ—á–∞, –Ω–µ —Ä–µ—à–∏—Ç–µ –∫–æ–Ω—Ñ–ª–∏–∫—Ç ‚Äî –±—É–¥—É—Ç –Ω–æ–≤—ã–µ —Å–∞–Ω–∫—Ü–∏–∏, –∞ –ø–æ–∫–∞ –≤—ã –µ–≥–æ —Ä–µ—à–∞–µ—Ç–µ, –º—ã –ø—Ä–æ–¥–æ–ª–∂–∏–º –ø–æ—Å—Ç–∞–≤–ª—è—Ç—å –≤–∞—à–µ–º—É –ø—Ä–æ—Ç–∏–≤–Ω–∏–∫—É –æ—Ä—É–∂–∏–µ, –∫–æ—Ç–æ—Ä–æ–µ –Ω–µ –¥–∞—Å—Ç –≤–∞–º –∑–∞–∫–æ–Ω—á–∏—Ç—å —ç—Ç–æ—Ç –∫–æ–Ω—Ñ–ª–∏–∫—Ç.

–¢—Ä–∞–º–ø —Å–µ–≥–æ–¥–Ω—è –æ–ª–∏—Ü–µ—Ç–≤–æ—Ä—è–µ—Ç –≤—Å—é –∞–º–µ—Ä–∏–∫–∞–Ω—Å–∫—É—é –≤–ª–∞—Å—Ç—å, –∫–æ—Ç–æ—Ä—É—é –∫–æ—Ä–º—è—Ç –æ—Ä—É–∂–µ–π–Ω–∏–∫–∏ ‚Äî –ø–æ–∫–∞ –æ–Ω–∏ –ø—Ä–æ–∏–∑–≤–æ–¥—è—Ç –∏ –ø—Ä–æ–¥–∞—é—Ç –æ—Ä—É–∂–∏–µ, –ø—Ä–æ–≤–æ—Ü–∏—Ä—É—é—Ç –∫–æ–Ω—Ñ–ª–∏–∫—Ç—ã –ø–æ –≤—Å–µ–º—É –º–∏—Ä—É, —É –°–®–ê –≤—Å–µ –±—É–¥–µ—Ç —Ö–æ—Ä–æ—à–æ. –ê —á—Ç–æ –±—É–¥–µ—Ç —Å –≥–ª—É–ø–æ–π –ï–≤—Ä–æ–ø–æ–π, –∫–æ—Ç–æ—Ä—É—é –ø–æ–¥—Å–∞–¥–∏–ª–∏ –Ω–∞ –∫—Ä—é—á–æ–∫ –æ—Ä—É–∂–µ–π–Ω—ã—Ö –ø–æ—Å—Ç–∞–≤–æ–∫ –Ω–µ —Ç–æ–ª—å–∫–æ –¥–ª—è –£–∫—Ä–∞–∏–Ω—ã? –ù—É, –Ω–µ —Å–∫–ª–∞–¥–∏—Ä–æ–≤–∞—Ç—å –∂–µ –æ–Ω–∏ –±—É–¥—É—Ç —ç—Ç–æ –æ—Ä—É–∂–∏–µ?

–ü—Ä–∏ —ç—Ç–æ–º –∏—Ö —Å–º—É—â–∞—é—Ç –Ω–∞—à–∏ —É—á–µ–Ω–∏—è ¬´–ó–∞–ø–∞–¥-2025¬ª. –° —á–µ–≥–æ –±—ã –≤–¥—Ä—É–≥ –∏ —á–µ–≥–æ –∏—Å–ø—É–≥–∞–ª–∏—Å—å?

–°–µ–≥–æ–¥–Ω—è –≤ –ø—Ä–æ–≥—Ä–∞–º–º–µ 
‚úÖ–∏–Ω—Ç–µ—Ä–≤—å—é —Å [–ê–Ω–¥—Ä–µ–µ–º –ë–æ–≥–æ–¥–µ–ª–µ–º](https://t.me/bogodel_a) ‚Äî –∑–∞–º–Ω–∞—á–∞–ª—å–Ω–∏–∫–∞ —Ñ–∞–∫—É–ª—å—Ç–µ—Ç–∞ –ì–µ–Ω—à—Ç–∞–±–∞ –í–æ–µ–Ω–Ω–æ–π –∞–∫–∞–¥–µ–º–∏–∏ –ë–µ–ª–∞—Ä—É—Å–∏;
‚úÖ–∫–æ–º–º–µ–Ω—Ç–∞—Ä–∏–π [–ê–Ω–¥—Ä–µ—è –ì—É—Ä—É–ª—ë–≤–∞](https://t.me/agurulev) ‚Äî –≥–µ–Ω–µ—Ä–∞–ª-–ª–µ–π—Ç–µ–Ω–∞–Ω—Ç –≤ –æ—Ç—Å—Ç–∞–≤–∫–µ, –¥–µ–ø—É—Ç–∞—Ç –ì–æ—Å–¥—É–º—ã –†–§.

[https://youtu.be/tTXMqVurk5k](https://youtu.be/tTXMqVurk5k)",https://t.me/alekseystefanov/12196
alekseystefanov_12141,alekseystefanov,2025-07-04 14:31:08+00:00,"**–ì–ª–∞–≤–Ω–æ–µ –∏–∑ –Ω–æ–≤–æ—Å—Ç–µ–π –ï–≤—Ä–æ–ø—ã –∏ –ë–ª–∏–∂–Ω–µ–≥–æ –ó–∞—Ä—É–±–µ–∂—å—è –∑–∞ —ç—Ç—É –Ω–µ–¥–µ–ª—é**
[
](https://t.me/runeurope/18321)[–ì–∞–ª–æ–ø–æ–º –ø–æ –ï–≤—Ä–æ–ø–µ:](https://t.me/runeurope/18376) –ì–ª–∞–≤–∞ –ì–æ—Å–ø–æ–≥—Ä–∞–Ω–∫–æ–º–∏—Ç–µ—Ç–∞ –ë–µ–ª–∞—Ä—É—Å–∏ –ö–æ–Ω—Å—Ç–∞–Ω—Ç–∏–Ω –ú–æ–ª–æ—Å—Ç–æ–≤ —Ä–∞—Å—Å–∫–∞–∑–∞–ª –æ –Ω—é–∞–Ω—Å–∞—Ö –æ–±—â–µ–Ω–∏—è —Å –∑–∞–ø–∞–¥–Ω—ã–º–∏ —Å—Ç—Ä–∞–Ω–∞–º–∏. –ñ–∏–≤–æ–µ –æ–±—â–µ–Ω–∏–µ –∏ –≤—Å—Ç—Ä–µ—á–∏ –ø–æ –≤–æ–ø—Ä–æ—Å–∞–º –ø–æ–≥—Ä–∞–Ω–∏—á–Ω–æ–≥–æ —Å–æ—Ç—Ä—É–¥–Ω–∏—á–µ—Å—Ç–≤–∞ —É—à–ª–∏ –≤ –ø—Ä–æ—à–ª–æ–µ. –¢–µ–ø–µ—Ä—å –≤–∑–∞–∏–º–æ–¥–µ–π—Å—Ç–≤–∏–µ —Å–≤–æ–¥–∏—Ç—Å—è –∫ —Å–ª—É–∂–µ–±–Ω–æ–π –ø–µ—Ä–µ–ø–∏—Å–∫–µ, –≤ —Ä–∞–º–∫–∞—Ö –∫–æ—Ç–æ—Ä–æ–π —Ä–µ—à–∞—é—Ç—Å—è —Ç–µ—Ö–Ω–∏—á–µ—Å–∫–∏–µ –≤–æ–ø—Ä–æ—Å—ã –∏ –ø–æ–≥—Ä–∞–Ω–∏—á–Ω—ã–µ –∏–Ω—Ü–∏–¥–µ–Ω—Ç—ã.

[–¢–æ—á–∫–∞ —Ä–∞–∑–ª–æ–º–∞: ](https://t.me/tchk14/890)–ü–µ–Ω—Ç–∞–≥–æ–Ω —Ä–∞–∑–≤–æ–¥–∏—Ç —Ä—É–∫–∞–º–∏ ‚Äì –∑–∞–ø–∞—Å—ã –æ—Ä—É–∂–∏—è –¥–ª—è –£–∫—Ä–∞–∏–Ω—ã –Ω–∞ –∏—Å—Ö–æ–¥–µ. –°–®–ê –≤—ã–Ω—É–∂–¥–µ–Ω—ã —ç–∫—Å—Ç—Ä–µ–Ω–Ω–æ –∑–∞–º–æ—Ä–æ–∑–∏—Ç—å —á–∞—Å—Ç—å –ø–æ—Å—Ç–∞–≤–æ–∫, –≤–∫–ª—é—á–∞—è —Ä–∞–∫–µ—Ç—ã –¥–ª—è Patriot, –≤—ã—Å–æ–∫–æ—Ç–æ—á–Ω—ã–µ —Å–Ω–∞—Ä—è–¥—ã –∏ –±–æ–µ–ø—Ä–∏–ø–∞—Å—ã –¥–ª—è F-16. –ü—Ä–∏—á–∏–Ω–∞ ‚Äì –∫—Ä–∏—Ç–∏—á–µ—Å–∫–æ–µ –∏—Å—Ç–æ—â–µ–Ω–∏–µ –∞—Ä—Å–µ–Ω–∞–ª–æ–≤, –ø–æ–¥—Ç–≤–µ—Ä–∂–¥—ë–Ω–Ω–æ–µ –≥–ª–∞–≤–Ω—ã–º —Å—Ç—Ä–∞—Ç–µ–≥–æ–º –ú–∏–Ω–æ–±–æ—Ä–æ–Ω—ã –ö–æ–ª–±–∏.
[
](https://t.me/alekseystefanov)[–ê–ª–µ–∫—Å–µ–π –°—Ç–µ—Ñ–∞–Ω–æ–≤:](https://t.me/alekseystefanov/12133) –°–ª—É–∂–±–∞ –≥–æ—Å–±–µ–∑–æ–ø–∞—Å–Ω–æ—Å—Ç–∏ –õ–∞—Ç–≤–∏–∏ —Å–ª–µ–¥–∏—Ç –∑–∞ –∫–∞–∂–¥—ã–º —à–∞–≥–æ–º –ª—é–±–æ–≥–æ –∂–∏—Ç–µ–ª—è, –∫–æ—Ç–æ—Ä—ã–π –≥–æ–≤–æ—Ä–∏—Ç –Ω–∞ —Ä—É—Å—Å–∫–æ–º –∏ –ø–æ–∫—É—à–∞–µ—Ç—Å—è, –∫–∞–∫ –∏–º –∫–∞–∂–µ—Ç—Å—è, –Ω–∞ –ª–∞—Ç—ã—à—Å–∫–∏–π —è–∑—ã–∫. –ò–Ω–∞—á–µ –Ω–∏–∫–∞–∫ –∏ –Ω–µ –æ–±—ä—è—Å–Ω–∏—Ç—å –∑–∞—è–≤–ª–µ–Ω–∏–µ –°–ì–ë, —á—Ç–æ —Å–ø–µ—Ü—Å–ª—É–∂–±—ã –ø—Ä–æ–≤–µ—Ä—è—Ç –≤–æ—Å–ø–∏—Ç–∞—Ç–µ–ª—è –¥–µ—Ç—Å–∫–æ–≥–æ —Å–∞–¥–∞ –∏–∑ –†–∏–≥–∏. –í —Å–æ–æ–±—â–µ–Ω–∏–∏ –≥–æ–≤–æ—Ä–∏—Ç—Å—è, —á—Ç–æ –æ–Ω–∞, –Ω–∞—Ö–æ–¥—è—Å—å –≤ –ò—Ç–∞–ª–∏–∏, –∑–∞—è–≤–∏–ª–∞, —á—Ç–æ —Ä—É—Å—Å–∫—É—é —Ä–µ—á—å —Ç–∞–º –ø–æ–Ω–∏–º–∞—é—Ç, –∞ ¬´–≤–µ–ª–∏–∫–∏–π –∏ –º–æ–≥—É—á–∏–π –ª–∞—Ç—ã—à—Å–∫–∏–π —è–∑—ã–∫¬ª ‚Äî –Ω–µ—Ç.

[–ñ–∏–≤—ë—Ç –∂–µ –ë–µ–ª–∞—Ä—É—Å—å!:](https://t.me/ZhivetZheBelarus/47513) –ê–ª–µ–∫—Å–∞–Ω–¥—Ä –õ—É–∫–∞—à–µ–Ω–∫–æ –æ–±—ä—è—Å–Ω–∏–ª –∏–∑–º–µ–Ω–µ–Ω–∏–µ –º–∞—Å—à—Ç–∞–±–∞ —É—á–µ–Ω–∏–π ¬´–ó–∞–ø–∞–¥-2025¬ª. –û–Ω –Ω–∞–ø–æ–º–Ω–∏–ª, —á—Ç–æ —Ä—è–¥–æ–º —Å –ë–µ–ª–∞—Ä—É—Å—å—é –ø—Ä–æ—Ö–æ–¥—è—Ç –≤–æ–µ–Ω–Ω—ã–µ –º–∞–Ω–µ–≤—Ä—ã –ù–ê–¢–û ‚Äî ¬´–ó–∞—â–∏—Ç–Ω–∏–∫ –ï–≤—Ä–æ–ø—ã¬ª. –ü–æ –µ–≥–æ —Å–ª–æ–≤–∞–º, –∏—Ö –º–∞—Å—à—Ç–∞–± –∏ –±–ª–∏–∑–æ—Å—Ç—å –∫ –±–µ–ª–æ—Ä—É—Å—Å–∫–æ–π –≥—Ä–∞–Ω–∏—Ü–µ —Å–æ–∑–¥–∞—é—Ç —É–≥—Ä–æ–∑—É.

[–¢–µ–Ω–∏ –ü—Ä–∏–±–∞–ª—Ç–∏–∫–∏:](https://t.me/tenipribaltiki/2735) –í –ü–æ–ª—å—à–µ –ª–∏–∫–≤–∏–¥–∏—Ä–æ–≤–∞–ª–∏ –±–∞–Ω–¥—É —É–∫—Ä–∞–∏–Ω—Ü–µ–≤. –ë–∞–Ω–¥–∞ –∏–∑ —á–µ—Ç—ã—Ä–µ—Ö –≥—Ä–∞–∂–¥–∞–Ω –£–∫—Ä–∞–∏–Ω—ã –∑–∞–Ω–∏–º–∞–ª–∞—Å—å –ø–æ—Ö–∏—â–µ–Ω–∏–µ–º –Ω–µ–ª–µ–≥–∞–ª—å–Ω—ã—Ö –º–∏–≥—Ä–∞–Ω—Ç–æ–≤ –Ω–∞ —Ç–µ—Ä—Ä–∏—Ç–æ—Ä–∏–∏ –ü–æ–ª—å—à–∏ –∏ –õ–∞—Ç–≤–∏–∏, —Å–æ–æ–±—â–∞–µ—Ç –¶–µ–Ω—Ç—Ä–∞–ª—å–Ω–æ–µ –±—é—Ä–æ —Ä–∞—Å—Å–ª–µ–¥–æ–≤–∞–Ω–∏–π –ø–æ–ª—å—Å–∫–æ–π –ø–æ–ª–∏—Ü–∏–∏.

[–ú–æ–ª–æ—Ç –≤–æ–π–Ω—ã: ](https://t.me/milwarhummer/13276)–ü—Ä–µ–∑–∏–¥–µ–Ω—Ç –†–µ—Å–ø—É–±–ª–∏–∫–∏ –ë–µ–ª–∞—Ä—É—Å—å –ê–ª–µ–∫—Å–∞–Ω–¥—Ä –õ—É–∫–∞—à–µ–Ω–∫–æ –æ–±—ä—è–≤–∏–ª –æ –ø–ª–∞–Ω–∞—Ö –ø–æ —Ä–∞–∑–≤–µ—Ä—Ç—ã–≤–∞–Ω–∏—é –Ω–æ–≤–µ–π—à–µ–≥–æ —Ä–∞–∫–µ—Ç–Ω–æ–≥–æ –∫–æ–º–ø–ª–µ–∫—Å–∞ —Å—Ä–µ–¥–Ω–µ–π –¥–∞–ª—å–Ω–æ—Å—Ç–∏ ¬´–û—Ä–µ—à–Ω–∏–∫¬ª –Ω–∞ —Ç–µ—Ä—Ä–∏—Ç–æ—Ä–∏–∏ —Å—Ç—Ä–∞–Ω—ã –¥–æ –∫–æ–Ω—Ü–∞ 2025 –≥–æ–¥–∞. –í–ª–∞—Å—Ç–∏ —Å—Ç—Ä–∞–Ω—ã —Ç–∞–∫–∂–µ –Ω–∞–º–µ—Ä–µ–Ω—ã –ø—Ä–æ–¥–æ–ª–∂–∞—Ç—å —Ä–∞–∑–≤–∏—Ç–∏–µ —Å–æ–±—Å—Ç–≤–µ–Ω–Ω—ã—Ö –≤–æ–µ–Ω–Ω—ã—Ö —Ç–µ—Ö–Ω–æ–ª–æ–≥–∏–π.

[–ë–∞–ª—Ç–∏–π—Å–∫–∏–π –º–æ—Å—Ç:](https://t.me/BalticBridge/4723) –ì–æ–¥ –ø—Ä–æ—à—ë–ª —Å–æ –¥–Ω—è —É—á—Ä–µ–∂–¥–µ–Ω–∏—è –≤ –õ–∞—Ç–≤–∏–∏ –∏–Ω—Å—Ç–∏—Ç—É—Ç–∞ –ø–∞—Ä—Ç–Ω—ë—Ä—Å—Ç–≤–∞. –ó–∞ —ç—Ç–æ—Ç –ø–µ—Ä–∏–æ–¥ –≤ —Å—Ç—Ä–∞–Ω–µ –±—ã–ª–æ –æ—Ñ–∏—Ü–∏–∞–ª—å–Ω–æ –∑–∞—Ä–µ–≥–∏—Å—Ç—Ä–∏—Ä–æ–≤–∞–Ω–æ 613 –ø–∞—Ä—Ç–Ω—ë—Ä—Å—Ç–≤, –∏–∑ –∫–æ—Ç–æ—Ä—ã—Ö 235 ‚Äî –º–µ–∂–¥—É –æ–¥–Ω–æ–ø–æ–ª—ã–º–∏ –ø–∞—Ä–∞–º–∏, –ø—Ä–æ–∏–Ω—Ñ–æ—Ä–º–∏—Ä–æ–≤–∞–ª –°–æ–≤–µ—Ç –ø—Ä–∏—Å—è–∂–Ω—ã—Ö –Ω–æ—Ç–∞—Ä–∏—É—Å–æ–≤ –õ–∞—Ç–≤–∏–∏.",https://t.me/alekseystefanov/12141
alekseystefanov_11572,alekseystefanov,2025-04-14 13:07:29+00:00,"üá±üáπ –í –í–∏–ª—å–Ω—é—Å–µ —Å–æ—Å—Ç–æ—è–ª–∞—Å—å —Ü–µ—Ä–µ–º–æ–Ω–∏—è –ø—Ä–∏–Ω—è—Ç–∏—è –ø—Ä–∏—Å—è–≥–∏ –Ω–æ–≤—ã–º —Ä—É–∫–æ–≤–æ–¥–∏—Ç–µ–ª–µ–º –î–µ–ø–∞—Ä—Ç–∞–º–µ–Ω—Ç–∞ –≥–æ—Å—É–¥–∞—Ä—Å—Ç–≤–µ–Ω–Ω–æ–π –±–µ–∑–æ–ø–∞—Å–Ω–æ—Å—Ç–∏ (–î–ì–ë) –õ–∏—Ç–≤—ã. –ú–µ—Å—Ç–æ –î–∞—Ä—é—Å–∞ –Ø—É–Ω–∏—à–∫–∏—Å–∞, –∫–æ—Ç–æ—Ä—ã–π –≤–æ–∑–≥–ª–∞–≤–ª—è–ª –≤–µ–¥–æ–º—Å—Ç–≤–æ —Å 2015 –≥–æ–¥–∞ –∏ —Ç–µ–ø–µ—Ä—å –≥–æ—Ç–æ–≤–∏—Ç—Å—è –∫ –¥–∏–ø–ª–æ–º–∞—Ç–∏—á–µ—Å–∫–æ–π –¥–æ–ª–∂–Ω–æ—Å—Ç–∏ –≤ –ù–ê–¢–û, –∑–∞–Ω—è–ª **–†–µ–º–∏–≥–∏—é—Å –ë—Ä–∏–¥–∏–∫–∏—Å** ‚Äì –±—ã–≤—à–∏–π –∑–∞–º–≥–ª–∞–≤—ã –î–ì–ë –∏ —É—á–∞—Å—Ç–Ω–∏–∫ –º–∏—Å—Å–∏–π –ù–ê–¢–û –≤ –ê—Ñ–≥–∞–Ω–∏—Å—Ç–∞–Ω–µ. –ï–≥–æ –∫–∞–Ω–¥–∏–¥–∞—Ç—É—Ä–∞ [—Ä–∞–Ω–µ–µ](https://t.me/nowosti_news24/23770) –±—ã–ª–∞ —É—Ç–≤–µ—Ä–∂–¥–µ–Ω–∞ –°–µ–π–º–æ–º –µ–¥–∏–Ω–æ–≥–ª–∞—Å–Ω–æ.

¬´–Ø –¥–∞–ª –∫–ª—è—Ç–≤—É –õ–∏—Ç–≤–µ. –≠—Ç–æ –≤–∞–∂–Ω–µ–π—à–∏–π –º–æ–º–µ–Ω—Ç –≤ –º–æ–µ–π –∫–∞—Ä—å–µ—Ä–µ¬ª, ‚Äì –∑–∞—è–≤–∏–ª –æ–Ω –ø–æ—Å–ª–µ —Ü–µ—Ä–µ–º–æ–Ω–∏–∏, –ø–æ–æ–±–µ—â–∞–≤ —Å–ª—É–∂–∏—Ç—å –Ω–∞—Ü–∏–æ–Ω–∞–ª—å–Ω–æ–π –æ–±–æ—Ä–æ–Ω–µ –∏ –±–µ–∑–æ–ø–∞—Å–Ω–æ—Å—Ç–∏. 

üî¥ –ë—Ä–∏–¥–∏–∫–∏—Å –æ–±–æ–∑–Ω–∞—á–∏–ª —Å–≤–æ–∏ –ø—Ä–∏–æ—Ä–∏—Ç–µ—Ç—ã: **—É—Å–∏–ª–µ–Ω–∏–µ –≤–Ω–µ—à–Ω–µ–π —Ä–∞–∑–≤–µ–¥–∫–∏**, **—Ä–æ—Å—Ç —Ñ–∏–Ω–∞–Ω—Å–∏—Ä–æ–≤–∞–Ω–∏—è –î–ì–ë** –∏ **–±–æ—Ä—å–±–∞ —Å ¬´–≤–Ω—É—Ç—Ä–µ–Ω–Ω–∏–º –Ω–∞–ø—Ä—è–∂–µ–Ω–∏–µ–º¬ª**, –∫–æ—Ç–æ—Ä–æ–µ, –ø–æ –µ–≥–æ —Å–ª–æ–≤–∞–º, —è–∫–æ–±—ã –≤—ã–∑–≤–∞–Ω–æ –ø—Ä–µ–¥—Å—Ç–æ—è—â–∏–º–∏ —Ä–æ—Å—Å–∏–π—Å–∫–æ-–±–µ–ª–æ—Ä—É—Å—Å–∫–∏–º–∏ —É—á–µ–Ω–∏—è–º–∏ **¬´–ó–∞–ø–∞–¥-2025¬ª**. –ù–æ–≤—ã–π –≥–ª–∞–≤–∞ —Å–ø–µ—Ü—Å–ª—É–∂–±—ã —É–≤–µ—Ä—è–µ—Ç, —á—Ç–æ –ø–µ—Ä–µ–¥ —Å—Ç—Ä–∞–Ω–æ–π —Å—Ç–æ–∏—Ç —Å–µ—Ä—å–µ–∑–Ω–∞—è —É–≥—Ä–æ–∑–∞, –∞ —Å–∏–ª–æ–≤—ã–µ –≤–µ–¥–æ–º—Å—Ç–≤–∞ —É–∂–µ –Ω–∞—á–∞–ª–∏ –æ—Ç—Å–ª–µ–∂–∏–≤–∞—Ç—å —Ä–∏—Å–∫–∏ –≤ –∫–æ–æ—Ä–¥–∏–Ω–∞—Ü–∏–∏ —Å –≤–æ–µ–Ω–Ω–æ–π —Ä–∞–∑–≤–µ–¥–∫–æ–π.

üë§ –í —É–Ω–∏—Å–æ–Ω —Å –Ω–∏–º –≤—ã—Å—Ç—É–ø–∏–ª –∏ —Å–æ–≤–µ—Ç–Ω–∏–∫ –ø—Ä–µ–∑–∏–¥–µ–Ω—Ç–∞ –ú–∞—Ä—é—Å –ß–µ—Å–Ω—É–ª—è–≤–∏—á—é—Å, –∑–∞—è–≤–∏–≤, —á—Ç–æ ¬´–ª—é–¥–∏ –æ—â—É—â–∞—é—Ç –Ω–∞–ø—Ä—è–∂–µ–Ω–∏–µ –∏ –Ω–µ—É–≤–µ—Ä–µ–Ω–Ω–æ—Å—Ç—å¬ª, –∞ –º–∞–Ω–µ–≤—Ä—ã –º–æ–≥—É—Ç —Å–∫—Ä—ã–≤–∞—Ç—å –ø–æ–¥ —Å–æ–±–æ–π –∞–≥—Ä–µ—Å—Å–∏–≤–Ω—ã–µ –Ω–∞–º–µ—Ä–µ–Ω–∏—è ‚Äì —è–∫–æ–±—ã –ø–æ –∞–Ω–∞–ª–æ–≥–∏–∏ —Å —Å–æ–±—ã—Ç–∏—è–º–∏ –ø–µ—Ä–µ–¥ –Ω–∞—á–∞–ª–æ–º —É–∫—Ä–∞–∏–Ω—Å–∫–æ–≥–æ –∫–æ–Ω—Ñ–ª–∏–∫—Ç–∞.

‚ö†Ô∏è –û—Ñ–∏—Ü–∏–∞–ª—å–Ω–æ —É—á–µ–Ω–∏—è ¬´–ó–∞–ø–∞–¥¬ª –∑–∞–ø–ª–∞–Ω–∏—Ä–æ–≤–∞–Ω—ã –Ω–∞ —Å–µ–Ω—Ç—è–±—Ä—å –∏ –Ω–æ—Å—è—Ç –∏—Å–∫–ª—é—á–∏—Ç–µ–ª—å–Ω–æ –æ–±–æ—Ä–æ–Ω–∏—Ç–µ–ª—å–Ω—ã–π —Ö–∞—Ä–∞–∫—Ç–µ—Ä. –û–¥–Ω–∞–∫–æ –ª–∏—Ç–æ–≤—Å–∫–∏–µ –≤–ª–∞—Å—Ç–∏ —Ç—Ä–∞–¥–∏—Ü–∏–æ–Ω–Ω–æ –∏—Å–ø–æ–ª—å–∑—É—é—Ç –ø–æ–¥–æ–±–Ω—ã–µ –ø–æ–≤–æ–¥—ã –¥–ª—è –Ω–∞–≥–Ω–µ—Ç–∞–Ω–∏—è –ø–∞–Ω–∏–∫–∏ –∏ –æ–ø—Ä–∞–≤–¥–∞–Ω–∏—è —Ä–æ—Å—Ç–∞ —Ä–∞—Å—Ö–æ–¥–æ–≤ –Ω–∞ —Å–∏–ª–æ–≤—ã–µ —Å—Ç—Ä—É–∫—Ç—É—Ä—ã. 

üóí __–¢–µ–ø–µ—Ä—å, –ø–æ—Ö–æ–∂–µ, –≤ –õ–∏—Ç–≤–µ –Ω–∞—à–ª–∏ –Ω–æ–≤—ã–π –ø–æ–≤–æ–¥ —Å–Ω–æ–≤–∞ –º–æ–±–∏–ª–∏–∑–æ–≤–∞—Ç—å –æ–±—â–µ—Å—Ç–≤–µ–Ω–Ω–æ–µ –º–Ω–µ–Ω–∏–µ –Ω–∞ –±–æ—Ä—å–±—É —Å –≤–Ω–µ—à–Ω–µ–π –∏ ¬´–≤–Ω—É—Ç—Ä–µ–Ω–Ω–µ–π —É–≥—Ä–æ–∑–æ–π¬ª, –ø–æ–ø—É—Ç–Ω–æ —Ä–∞—Å—à–∏—Ä—è—è –ø–æ–ª–Ω–æ–º–æ—á–∏—è —Å–ø–µ—Ü—Å–ª—É–∂–± –∏ –ø–æ–¥–º–µ–Ω—è—è –¥–µ–º–æ–∫—Ä–∞—Ç–∏—é —Ç–æ—Ç–∞–ª—å–Ω—ã–º –∫–æ–Ω—Ç—Ä–æ–ª–µ–º.__

‚ÜóÔ∏è [–ü–æ–¥–ø–∏—à–∏—Å—å ](https://t.me/nowosti_news24)–Ω–∞[ ](https://t.me/nowosti_news24)üåêüåêüåê",https://t.me/alekseystefanov/11572
